0,D:\git\fastjson-1.2.56\src\main\java\com\alibaba\fastjson\annotation\JSONField.java,1,90
1,D:\git\fastjson-1.2.56\src\main\java\com\alibaba\fastjson\annotation\JSONType.java,1,81
2,D:\git\fastjson-1.2.56\src\main\java\com\alibaba\fastjson\asm\ByteVector.java,1,233
3,D:\git\fastjson-1.2.56\src\main\java\com\alibaba\fastjson\asm\ClassReader.java,1,336
4,D:\git\fastjson-1.2.56\src\main\java\com\alibaba\fastjson\asm\ClassWriter.java,1,392
5,D:\git\fastjson-1.2.56\src\main\java\com\alibaba\fastjson\asm\FieldWriter.java,1,104
6,D:\git\fastjson-1.2.56\src\main\java\com\alibaba\fastjson\asm\Item.java,1,178
7,D:\git\fastjson-1.2.56\src\main\java\com\alibaba\fastjson\asm\Label.java,1,245
8,D:\git\fastjson-1.2.56\src\main\java\com\alibaba\fastjson\asm\MethodCollector.java,1,41
9,D:\git\fastjson-1.2.56\src\main\java\com\alibaba\fastjson\asm\MethodVisitor.java,1,154
10,D:\git\fastjson-1.2.56\src\main\java\com\alibaba\fastjson\asm\MethodWriter.java,1,315
11,D:\git\fastjson-1.2.56\src\main\java\com\alibaba\fastjson\asm\Opcodes.java,1,140
12,D:\git\fastjson-1.2.56\src\main\java\com\alibaba\fastjson\asm\Type.java,1,294
13,D:\git\fastjson-1.2.56\src\main\java\com\alibaba\fastjson\asm\TypeCollector.java,1,109
14,D:\git\fastjson-1.2.56\src\main\java\com\alibaba\fastjson\JSON.java,1,1391
15,D:\git\fastjson-1.2.56\src\main\java\com\alibaba\fastjson\JSONArray.java,1,498
16,D:\git\fastjson-1.2.56\src\main\java\com\alibaba\fastjson\JSONException.java,1,36
17,D:\git\fastjson-1.2.56\src\main\java\com\alibaba\fastjson\JSONObject.java,1,629
18,D:\git\fastjson-1.2.56\src\main\java\com\alibaba\fastjson\JSONPatch.java,1,92
19,D:\git\fastjson-1.2.56\src\main\java\com\alibaba\fastjson\JSONPath.java,1,4230
20,D:\git\fastjson-1.2.56\src\main\java\com\alibaba\fastjson\JSONPathException.java,1,14
21,D:\git\fastjson-1.2.56\src\main\java\com\alibaba\fastjson\JSONPObject.java,1,71
22,D:\git\fastjson-1.2.56\src\main\java\com\alibaba\fastjson\JSONReader.java,1,336
23,D:\git\fastjson-1.2.56\src\main\java\com\alibaba\fastjson\JSONStreamContext.java,1,20
24,D:\git\fastjson-1.2.56\src\main\java\com\alibaba\fastjson\JSONValidator.java,1,612
25,D:\git\fastjson-1.2.56\src\main\java\com\alibaba\fastjson\JSONWriter.java,1,205
26,D:\git\fastjson-1.2.56\src\main\java\com\alibaba\fastjson\parser\DefaultExtJSONParser.java,1,43
27,D:\git\fastjson-1.2.56\src\main\java\com\alibaba\fastjson\parser\DefaultJSONParser.java,1,1792
28,D:\git\fastjson-1.2.56\src\main\java\com\alibaba\fastjson\parser\deserializer\AbstractDateDeserializer.java,1,189
29,D:\git\fastjson-1.2.56\src\main\java\com\alibaba\fastjson\parser\deserializer\ArrayListTypeFieldDeserializer.java,1,203
30,D:\git\fastjson-1.2.56\src\main\java\com\alibaba\fastjson\parser\deserializer\ASMDeserializerFactory.java,1,1906
31,D:\git\fastjson-1.2.56\src\main\java\com\alibaba\fastjson\parser\deserializer\ContextObjectDeserializer.java,1,14
32,D:\git\fastjson-1.2.56\src\main\java\com\alibaba\fastjson\parser\deserializer\DefaultFieldDeserializer.java,1,141
33,D:\git\fastjson-1.2.56\src\main\java\com\alibaba\fastjson\parser\deserializer\EnumCreatorDeserializer.java,1,34
34,D:\git\fastjson-1.2.56\src\main\java\com\alibaba\fastjson\parser\deserializer\EnumDeserializer.java,1,179
35,D:\git\fastjson-1.2.56\src\main\java\com\alibaba\fastjson\parser\deserializer\FieldDeserializer.java,1,241
36,D:\git\fastjson-1.2.56\src\main\java\com\alibaba\fastjson\parser\deserializer\JavaBeanDeserializer.java,1,1708
37,D:\git\fastjson-1.2.56\src\main\java\com\alibaba\fastjson\parser\deserializer\JavaObjectDeserializer.java,1,53
38,D:\git\fastjson-1.2.56\src\main\java\com\alibaba\fastjson\parser\deserializer\Jdk8DateCodec.java,1,609
39,D:\git\fastjson-1.2.56\src\main\java\com\alibaba\fastjson\parser\deserializer\JSONPDeserializer.java,1,65
40,D:\git\fastjson-1.2.56\src\main\java\com\alibaba\fastjson\parser\deserializer\MapDeserializer.java,1,420
41,D:\git\fastjson-1.2.56\src\main\java\com\alibaba\fastjson\parser\deserializer\NumberDeserializer.java,1,130
42,D:\git\fastjson-1.2.56\src\main\java\com\alibaba\fastjson\parser\deserializer\OptionalCodec.java,1,120
43,D:\git\fastjson-1.2.56\src\main\java\com\alibaba\fastjson\parser\deserializer\PropertyProcessableDeserializer.java,1,36
44,D:\git\fastjson-1.2.56\src\main\java\com\alibaba\fastjson\parser\deserializer\ResolveFieldDeserializer.java,1,101
45,D:\git\fastjson-1.2.56\src\main\java\com\alibaba\fastjson\parser\deserializer\SqlDateDeserializer.java,1,152
46,D:\git\fastjson-1.2.56\src\main\java\com\alibaba\fastjson\parser\deserializer\StackTraceElementDeserializer.java,1,146
47,D:\git\fastjson-1.2.56\src\main\java\com\alibaba\fastjson\parser\deserializer\ThrowableDeserializer.java,1,199
48,D:\git\fastjson-1.2.56\src\main\java\com\alibaba\fastjson\parser\deserializer\TimeDeserializer.java,1,93
49,D:\git\fastjson-1.2.56\src\main\java\com\alibaba\fastjson\parser\Feature.java,1,194
50,D:\git\fastjson-1.2.56\src\main\java\com\alibaba\fastjson\parser\JSONLexer.java,1,127
51,D:\git\fastjson-1.2.56\src\main\java\com\alibaba\fastjson\parser\JSONLexerBase.java,1,5348
52,D:\git\fastjson-1.2.56\src\main\java\com\alibaba\fastjson\parser\JSONReaderScanner.java,1,339
53,D:\git\fastjson-1.2.56\src\main\java\com\alibaba\fastjson\parser\JSONScanner.java,1,3054
54,D:\git\fastjson-1.2.56\src\main\java\com\alibaba\fastjson\parser\JSONToken.java,1,132
55,D:\git\fastjson-1.2.56\src\main\java\com\alibaba\fastjson\parser\ParseContext.java,1,37
56,D:\git\fastjson-1.2.56\src\main\java\com\alibaba\fastjson\parser\ParserConfig.java,1,1578
57,D:\git\fastjson-1.2.56\src\main\java\com\alibaba\fastjson\parser\SymbolTable.java,1,128
58,D:\git\fastjson-1.2.56\src\main\java\com\alibaba\fastjson\PropertyNamingStrategy.java,1,73
59,D:\git\fastjson-1.2.56\src\main\java\com\alibaba\fastjson\serializer\AdderSerializer.java,1,25
60,D:\git\fastjson-1.2.56\src\main\java\com\alibaba\fastjson\serializer\AfterFilter.java,1,38
61,D:\git\fastjson-1.2.56\src\main\java\com\alibaba\fastjson\serializer\AnnotationSerializer.java,1,102
62,D:\git\fastjson-1.2.56\src\main\java\com\alibaba\fastjson\serializer\AppendableSerializer.java,1,21
63,D:\git\fastjson-1.2.56\src\main\java\com\alibaba\fastjson\serializer\ArraySerializer.java,1,76
64,D:\git\fastjson-1.2.56\src\main\java\com\alibaba\fastjson\serializer\ASMSerializerFactory.java,1,2115
65,D:\git\fastjson-1.2.56\src\main\java\com\alibaba\fastjson\serializer\AtomicCodec.java,1,124
66,D:\git\fastjson-1.2.56\src\main\java\com\alibaba\fastjson\serializer\AwtCodec.java,1,351
67,D:\git\fastjson-1.2.56\src\main\java\com\alibaba\fastjson\serializer\BeanContext.java,1,70
68,D:\git\fastjson-1.2.56\src\main\java\com\alibaba\fastjson\serializer\BeforeFilter.java,1,36
69,D:\git\fastjson-1.2.56\src\main\java\com\alibaba\fastjson\serializer\BigDecimalCodec.java,1,108
70,D:\git\fastjson-1.2.56\src\main\java\com\alibaba\fastjson\serializer\BigIntegerCodec.java,1,92
71,D:\git\fastjson-1.2.56\src\main\java\com\alibaba\fastjson\serializer\BooleanCodec.java,1,98
72,D:\git\fastjson-1.2.56\src\main\java\com\alibaba\fastjson\serializer\ByteBufferCodec.java,1,55
73,D:\git\fastjson-1.2.56\src\main\java\com\alibaba\fastjson\serializer\CalendarCodec.java,1,188
74,D:\git\fastjson-1.2.56\src\main\java\com\alibaba\fastjson\serializer\CharacterCodec.java,1,62
75,D:\git\fastjson-1.2.56\src\main\java\com\alibaba\fastjson\serializer\CharArrayCodec.java,1,77
76,D:\git\fastjson-1.2.56\src\main\java\com\alibaba\fastjson\serializer\ClobSeriliazer.java,1,49
77,D:\git\fastjson-1.2.56\src\main\java\com\alibaba\fastjson\serializer\CollectionCodec.java,1,137
78,D:\git\fastjson-1.2.56\src\main\java\com\alibaba\fastjson\serializer\DateCodec.java,1,351
79,D:\git\fastjson-1.2.56\src\main\java\com\alibaba\fastjson\serializer\DoubleSerializer.java,1,66
80,D:\git\fastjson-1.2.56\src\main\java\com\alibaba\fastjson\serializer\EnumerationSerializer.java,1,56
81,D:\git\fastjson-1.2.56\src\main\java\com\alibaba\fastjson\serializer\EnumSerializer.java,1,61
82,D:\git\fastjson-1.2.56\src\main\java\com\alibaba\fastjson\serializer\FieldSerializer.java,1,333
83,D:\git\fastjson-1.2.56\src\main\java\com\alibaba\fastjson\serializer\FloatCodec.java,1,105
84,D:\git\fastjson-1.2.56\src\main\java\com\alibaba\fastjson\serializer\GuavaCodec.java,1,57
85,D:\git\fastjson-1.2.56\src\main\java\com\alibaba\fastjson\serializer\IntegerCodec.java,1,116
86,D:\git\fastjson-1.2.56\src\main\java\com\alibaba\fastjson\serializer\JavaBeanSerializer.java,1,867
87,D:\git\fastjson-1.2.56\src\main\java\com\alibaba\fastjson\serializer\JodaCodec.java,1,485
88,D:\git\fastjson-1.2.56\src\main\java\com\alibaba\fastjson\serializer\JSONAwareSerializer.java,1,42
89,D:\git\fastjson-1.2.56\src\main\java\com\alibaba\fastjson\serializer\JSONLibDataFormatSerializer.java,1,37
90,D:\git\fastjson-1.2.56\src\main\java\com\alibaba\fastjson\serializer\JSONObjectCodec.java,1,30
91,D:\git\fastjson-1.2.56\src\main\java\com\alibaba\fastjson\serializer\JSONSerializableSerializer.java,1,37
92,D:\git\fastjson-1.2.56\src\main\java\com\alibaba\fastjson\serializer\JSONSerializer.java,1,456
93,D:\git\fastjson-1.2.56\src\main\java\com\alibaba\fastjson\serializer\JSONSerializerMap.java,1,10
94,D:\git\fastjson-1.2.56\src\main\java\com\alibaba\fastjson\serializer\Labels.java,1,61
95,D:\git\fastjson-1.2.56\src\main\java\com\alibaba\fastjson\serializer\ListSerializer.java,1,149
96,D:\git\fastjson-1.2.56\src\main\java\com\alibaba\fastjson\serializer\LongCodec.java,1,98
97,D:\git\fastjson-1.2.56\src\main\java\com\alibaba\fastjson\serializer\MapSerializer.java,1,289
98,D:\git\fastjson-1.2.56\src\main\java\com\alibaba\fastjson\serializer\MiscCodec.java,1,409
99,D:\git\fastjson-1.2.56\src\main\java\com\alibaba\fastjson\serializer\ObjectArrayCodec.java,1,249
100,D:\git\fastjson-1.2.56\src\main\java\com\alibaba\fastjson\serializer\PascalNameFilter.java,1,17
101,D:\git\fastjson-1.2.56\src\main\java\com\alibaba\fastjson\serializer\PrimitiveArraySerializer.java,1,137
102,D:\git\fastjson-1.2.56\src\main\java\com\alibaba\fastjson\serializer\ReferenceCodec.java,1,76
103,D:\git\fastjson-1.2.56\src\main\java\com\alibaba\fastjson\serializer\SerialContext.java,1,107
104,D:\git\fastjson-1.2.56\src\main\java\com\alibaba\fastjson\serializer\SerializeBeanInfo.java,1,36
105,D:\git\fastjson-1.2.56\src\main\java\com\alibaba\fastjson\serializer\SerializeConfig.java,1,946
106,D:\git\fastjson-1.2.56\src\main\java\com\alibaba\fastjson\serializer\SerializeFilterable.java,1,272
107,D:\git\fastjson-1.2.56\src\main\java\com\alibaba\fastjson\serializer\SerializerFeature.java,1,211
108,D:\git\fastjson-1.2.56\src\main\java\com\alibaba\fastjson\serializer\SerializeWriter.java,1,2527
109,D:\git\fastjson-1.2.56\src\main\java\com\alibaba\fastjson\serializer\SimpleDateFormatSerializer.java,1,30
110,D:\git\fastjson-1.2.56\src\main\java\com\alibaba\fastjson\serializer\SimplePropertyPreFilter.java,1,101
111,D:\git\fastjson-1.2.56\src\main\java\com\alibaba\fastjson\serializer\StringCodec.java,1,118
112,D:\git\fastjson-1.2.56\src\main\java\com\alibaba\fastjson\serializer\ToStringSerializer.java,1,25
113,D:\git\fastjson-1.2.56\src\main\java\com\alibaba\fastjson\support\config\FastJsonConfig.java,1,258
114,D:\git\fastjson-1.2.56\src\main\java\com\alibaba\fastjson\support\geo\Feature.java,1,46
115,D:\git\fastjson-1.2.56\src\main\java\com\alibaba\fastjson\support\geo\FeatureCollection.java,1,24
116,D:\git\fastjson-1.2.56\src\main\java\com\alibaba\fastjson\support\geo\Geometry.java,1,38
117,D:\git\fastjson-1.2.56\src\main\java\com\alibaba\fastjson\support\geo\GeometryCollection.java,1,22
118,D:\git\fastjson-1.2.56\src\main\java\com\alibaba\fastjson\support\geo\LineString.java,1,24
119,D:\git\fastjson-1.2.56\src\main\java\com\alibaba\fastjson\support\geo\MultiLineString.java,1,24
120,D:\git\fastjson-1.2.56\src\main\java\com\alibaba\fastjson\support\geo\MultiPoint.java,1,24
121,D:\git\fastjson-1.2.56\src\main\java\com\alibaba\fastjson\support\geo\MultiPolygon.java,1,25
122,D:\git\fastjson-1.2.56\src\main\java\com\alibaba\fastjson\support\geo\Point.java,1,58
123,D:\git\fastjson-1.2.56\src\main\java\com\alibaba\fastjson\support\geo\Polygon.java,1,24
124,D:\git\fastjson-1.2.56\src\main\java\com\alibaba\fastjson\support\hsf\HSFJSONUtils.java,1,121
125,D:\git\fastjson-1.2.56\src\main\java\com\alibaba\fastjson\support\jaxrs\FastJsonAutoDiscoverable.java,1,45
126,D:\git\fastjson-1.2.56\src\main\java\com\alibaba\fastjson\support\jaxrs\FastJsonFeature.java,1,58
127,D:\git\fastjson-1.2.56\src\main\java\com\alibaba\fastjson\support\jaxrs\FastJsonProvider.java,1,451
128,D:\git\fastjson-1.2.56\src\main\java\com\alibaba\fastjson\support\moneta\MonetaCodec.java,1,58
129,D:\git\fastjson-1.2.56\src\main\java\com\alibaba\fastjson\support\retrofit\Retrofit2ConverterFactory.java,1,258
130,D:\git\fastjson-1.2.56\src\main\java\com\alibaba\fastjson\support\spring\FastJsonContainer.java,1,32
131,D:\git\fastjson-1.2.56\src\main\java\com\alibaba\fastjson\support\spring\FastJsonHttpMessageConverter.java,1,437
132,D:\git\fastjson-1.2.56\src\main\java\com\alibaba\fastjson\support\spring\FastJsonHttpMessageConverter4.java,1,54
133,D:\git\fastjson-1.2.56\src\main\java\com\alibaba\fastjson\support\spring\FastJsonJsonView.java,1,398
134,D:\git\fastjson-1.2.56\src\main\java\com\alibaba\fastjson\support\spring\FastJsonpHttpMessageConverter4.java,1,53
135,D:\git\fastjson-1.2.56\src\main\java\com\alibaba\fastjson\support\spring\FastJsonpResponseBodyAdvice.java,1,116
136,D:\git\fastjson-1.2.56\src\main\java\com\alibaba\fastjson\support\spring\FastJsonRedisSerializer.java,1,71
137,D:\git\fastjson-1.2.56\src\main\java\com\alibaba\fastjson\support\spring\FastjsonSockJsMessageCodec.java,1,35
138,D:\git\fastjson-1.2.56\src\main\java\com\alibaba\fastjson\support\spring\FastJsonViewResponseBodyAdvice.java,1,58
139,D:\git\fastjson-1.2.56\src\main\java\com\alibaba\fastjson\support\spring\GenericFastJsonRedisSerializer.java,1,41
140,D:\git\fastjson-1.2.56\src\main\java\com\alibaba\fastjson\support\spring\JSONPResponseBodyAdvice.java,1,101
141,D:\git\fastjson-1.2.56\src\main\java\com\alibaba\fastjson\support\spring\MappingFastJsonValue.java,1,92
142,D:\git\fastjson-1.2.56\src\main\java\com\alibaba\fastjson\support\spring\messaging\MappingFastJsonMessageConverter.java,1,102
143,D:\git\fastjson-1.2.56\src\main\java\com\alibaba\fastjson\support\spring\PropertyPreFilters.java,1,74
144,D:\git\fastjson-1.2.56\src\main\java\com\alibaba\fastjson\support\springfox\SwaggerJsonSerializer.java,1,31
145,D:\git\fastjson-1.2.56\src\main\java\com\alibaba\fastjson\TypeReference.java,1,142
146,D:\git\fastjson-1.2.56\src\main\java\com\alibaba\fastjson\util\AntiCollisionHashMap.java,1,966
147,D:\git\fastjson-1.2.56\src\main\java\com\alibaba\fastjson\util\ASMClassLoader.java,1,199
148,D:\git\fastjson-1.2.56\src\main\java\com\alibaba\fastjson\util\ASMUtils.java,1,185
149,D:\git\fastjson-1.2.56\src\main\java\com\alibaba\fastjson\util\Base64.java,1,210
150,D:\git\fastjson-1.2.56\src\main\java\com\alibaba\fastjson\util\FieldInfo.java,1,586
151,D:\git\fastjson-1.2.56\src\main\java\com\alibaba\fastjson\util\GenericArrayTypeImpl.java,1,46
152,D:\git\fastjson-1.2.56\src\main\java\com\alibaba\fastjson\util\IdentityHashMap.java,1,124
153,D:\git\fastjson-1.2.56\src\main\java\com\alibaba\fastjson\util\IOUtils.java,1,780
154,D:\git\fastjson-1.2.56\src\main\java\com\alibaba\fastjson\util\JavaBeanInfo.java,1,1143
155,D:\git\fastjson-1.2.56\src\main\java\com\alibaba\fastjson\util\ParameterizedTypeImpl.java,1,54
156,D:\git\fastjson-1.2.56\src\main\java\com\alibaba\fastjson\util\RyuDouble.java,1,581
157,D:\git\fastjson-1.2.56\src\main\java\com\alibaba\fastjson\util\RyuFloat.java,1,424
158,D:\git\fastjson-1.2.56\src\main\java\com\alibaba\fastjson\util\ServiceLoader.java,1,87
159,D:\git\fastjson-1.2.56\src\main\java\com\alibaba\fastjson\util\ThreadLocalCache.java,1,118
160,D:\git\fastjson-1.2.56\src\main\java\com\alibaba\fastjson\util\TypeUtils.java,1,3330
161,D:\git\fastjson-1.2.56\src\main\java\com\alibaba\fastjson\util\UTF8Decoder.java,1,198
