0,D:\git\article\fastjson-1.2.62\src\main\java\com\alibaba\fastjson\annotation\JSONField.java,1,90
1,D:\git\article\fastjson-1.2.62\src\main\java\com\alibaba\fastjson\annotation\JSONType.java,1,74
2,D:\git\article\fastjson-1.2.62\src\main\java\com\alibaba\fastjson\asm\ByteVector.java,1,233
3,D:\git\article\fastjson-1.2.62\src\main\java\com\alibaba\fastjson\asm\ClassReader.java,1,336
4,D:\git\article\fastjson-1.2.62\src\main\java\com\alibaba\fastjson\asm\ClassWriter.java,1,392
5,D:\git\article\fastjson-1.2.62\src\main\java\com\alibaba\fastjson\asm\FieldWriter.java,1,104
6,D:\git\article\fastjson-1.2.62\src\main\java\com\alibaba\fastjson\asm\Item.java,1,178
7,D:\git\article\fastjson-1.2.62\src\main\java\com\alibaba\fastjson\asm\Label.java,1,204
8,D:\git\article\fastjson-1.2.62\src\main\java\com\alibaba\fastjson\asm\MethodCollector.java,1,41
9,D:\git\article\fastjson-1.2.62\src\main\java\com\alibaba\fastjson\asm\MethodVisitor.java,1,154
10,D:\git\article\fastjson-1.2.62\src\main\java\com\alibaba\fastjson\asm\MethodWriter.java,1,314
11,D:\git\article\fastjson-1.2.62\src\main\java\com\alibaba\fastjson\asm\Opcodes.java,1,140
12,D:\git\article\fastjson-1.2.62\src\main\java\com\alibaba\fastjson\asm\Type.java,1,294
13,D:\git\article\fastjson-1.2.62\src\main\java\com\alibaba\fastjson\asm\TypeCollector.java,1,109
14,D:\git\article\fastjson-1.2.62\src\main\java\com\alibaba\fastjson\JSON.java,1,1289
15,D:\git\article\fastjson-1.2.62\src\main\java\com\alibaba\fastjson\JSONArray.java,1,490
16,D:\git\article\fastjson-1.2.62\src\main\java\com\alibaba\fastjson\JSONException.java,1,36
17,D:\git\article\fastjson-1.2.62\src\main\java\com\alibaba\fastjson\JSONObject.java,1,614
18,D:\git\article\fastjson-1.2.62\src\main\java\com\alibaba\fastjson\JSONPath.java,1,3993
19,D:\git\article\fastjson-1.2.62\src\main\java\com\alibaba\fastjson\JSONPathException.java,1,14
20,D:\git\article\fastjson-1.2.62\src\main\java\com\alibaba\fastjson\JSONPObject.java,1,71
21,D:\git\article\fastjson-1.2.62\src\main\java\com\alibaba\fastjson\JSONReader.java,1,336
22,D:\git\article\fastjson-1.2.62\src\main\java\com\alibaba\fastjson\JSONStreamContext.java,1,20
23,D:\git\article\fastjson-1.2.62\src\main\java\com\alibaba\fastjson\JSONValidator.java,1,513
24,D:\git\article\fastjson-1.2.62\src\main\java\com\alibaba\fastjson\JSONWriter.java,1,205
25,D:\git\article\fastjson-1.2.62\src\main\java\com\alibaba\fastjson\parser\DefaultExtJSONParser.java,1,43
26,D:\git\article\fastjson-1.2.62\src\main\java\com\alibaba\fastjson\parser\DefaultJSONParser.java,1,1779
27,D:\git\article\fastjson-1.2.62\src\main\java\com\alibaba\fastjson\parser\deserializer\AbstractDateDeserializer.java,1,182
28,D:\git\article\fastjson-1.2.62\src\main\java\com\alibaba\fastjson\parser\deserializer\ArrayListTypeFieldDeserializer.java,1,199
29,D:\git\article\fastjson-1.2.62\src\main\java\com\alibaba\fastjson\parser\deserializer\ASMDeserializerFactory.java,1,1899
30,D:\git\article\fastjson-1.2.62\src\main\java\com\alibaba\fastjson\parser\deserializer\ContextObjectDeserializer.java,1,14
31,D:\git\article\fastjson-1.2.62\src\main\java\com\alibaba\fastjson\parser\deserializer\DefaultFieldDeserializer.java,1,140
32,D:\git\article\fastjson-1.2.62\src\main\java\com\alibaba\fastjson\parser\deserializer\EnumDeserializer.java,1,179
33,D:\git\article\fastjson-1.2.62\src\main\java\com\alibaba\fastjson\parser\deserializer\FieldDeserializer.java,1,170
34,D:\git\article\fastjson-1.2.62\src\main\java\com\alibaba\fastjson\parser\deserializer\JavaBeanDeserializer.java,1,1650
35,D:\git\article\fastjson-1.2.62\src\main\java\com\alibaba\fastjson\parser\deserializer\JavaObjectDeserializer.java,1,53
36,D:\git\article\fastjson-1.2.62\src\main\java\com\alibaba\fastjson\parser\deserializer\Jdk8DateCodec.java,1,518
37,D:\git\article\fastjson-1.2.62\src\main\java\com\alibaba\fastjson\parser\deserializer\JSONPDeserializer.java,1,65
38,D:\git\article\fastjson-1.2.62\src\main\java\com\alibaba\fastjson\parser\deserializer\MapDeserializer.java,1,392
39,D:\git\article\fastjson-1.2.62\src\main\java\com\alibaba\fastjson\parser\deserializer\NumberDeserializer.java,1,127
40,D:\git\article\fastjson-1.2.62\src\main\java\com\alibaba\fastjson\parser\deserializer\OptionalCodec.java,1,120
41,D:\git\article\fastjson-1.2.62\src\main\java\com\alibaba\fastjson\parser\deserializer\PropertyProcessableDeserializer.java,1,36
42,D:\git\article\fastjson-1.2.62\src\main\java\com\alibaba\fastjson\parser\deserializer\ResolveFieldDeserializer.java,1,101
43,D:\git\article\fastjson-1.2.62\src\main\java\com\alibaba\fastjson\parser\deserializer\SqlDateDeserializer.java,1,139
44,D:\git\article\fastjson-1.2.62\src\main\java\com\alibaba\fastjson\parser\deserializer\StackTraceElementDeserializer.java,1,146
45,D:\git\article\fastjson-1.2.62\src\main\java\com\alibaba\fastjson\parser\deserializer\ThrowableDeserializer.java,1,199
46,D:\git\article\fastjson-1.2.62\src\main\java\com\alibaba\fastjson\parser\deserializer\TimeDeserializer.java,1,93
47,D:\git\article\fastjson-1.2.62\src\main\java\com\alibaba\fastjson\parser\Feature.java,1,184
48,D:\git\article\fastjson-1.2.62\src\main\java\com\alibaba\fastjson\parser\JSONLexer.java,1,126
49,D:\git\article\fastjson-1.2.62\src\main\java\com\alibaba\fastjson\parser\JSONLexerBase.java,1,5324
50,D:\git\article\fastjson-1.2.62\src\main\java\com\alibaba\fastjson\parser\JSONReaderScanner.java,1,334
51,D:\git\article\fastjson-1.2.62\src\main\java\com\alibaba\fastjson\parser\JSONScanner.java,1,3018
52,D:\git\article\fastjson-1.2.62\src\main\java\com\alibaba\fastjson\parser\JSONToken.java,1,132
53,D:\git\article\fastjson-1.2.62\src\main\java\com\alibaba\fastjson\parser\ParseContext.java,1,37
54,D:\git\article\fastjson-1.2.62\src\main\java\com\alibaba\fastjson\parser\ParserConfig.java,1,1362
55,D:\git\article\fastjson-1.2.62\src\main\java\com\alibaba\fastjson\parser\SymbolTable.java,1,128
56,D:\git\article\fastjson-1.2.62\src\main\java\com\alibaba\fastjson\PropertyNamingStrategy.java,1,71
57,D:\git\article\fastjson-1.2.62\src\main\java\com\alibaba\fastjson\serializer\AdderSerializer.java,1,25
58,D:\git\article\fastjson-1.2.62\src\main\java\com\alibaba\fastjson\serializer\AfterFilter.java,1,32
59,D:\git\article\fastjson-1.2.62\src\main\java\com\alibaba\fastjson\serializer\AnnotationSerializer.java,1,102
60,D:\git\article\fastjson-1.2.62\src\main\java\com\alibaba\fastjson\serializer\AppendableSerializer.java,1,21
61,D:\git\article\fastjson-1.2.62\src\main\java\com\alibaba\fastjson\serializer\ArraySerializer.java,1,76
62,D:\git\article\fastjson-1.2.62\src\main\java\com\alibaba\fastjson\serializer\ASMSerializerFactory.java,1,2118
63,D:\git\article\fastjson-1.2.62\src\main\java\com\alibaba\fastjson\serializer\AtomicCodec.java,1,124
64,D:\git\article\fastjson-1.2.62\src\main\java\com\alibaba\fastjson\serializer\AwtCodec.java,1,351
65,D:\git\article\fastjson-1.2.62\src\main\java\com\alibaba\fastjson\serializer\BeanContext.java,1,70
66,D:\git\article\fastjson-1.2.62\src\main\java\com\alibaba\fastjson\serializer\BeforeFilter.java,1,29
67,D:\git\article\fastjson-1.2.62\src\main\java\com\alibaba\fastjson\serializer\BigDecimalCodec.java,1,108
68,D:\git\article\fastjson-1.2.62\src\main\java\com\alibaba\fastjson\serializer\BigIntegerCodec.java,1,86
69,D:\git\article\fastjson-1.2.62\src\main\java\com\alibaba\fastjson\serializer\BooleanCodec.java,1,98
70,D:\git\article\fastjson-1.2.62\src\main\java\com\alibaba\fastjson\serializer\ByteBufferCodec.java,1,55
71,D:\git\article\fastjson-1.2.62\src\main\java\com\alibaba\fastjson\serializer\CalendarCodec.java,1,188
72,D:\git\article\fastjson-1.2.62\src\main\java\com\alibaba\fastjson\serializer\CharacterCodec.java,1,62
73,D:\git\article\fastjson-1.2.62\src\main\java\com\alibaba\fastjson\serializer\CharArrayCodec.java,1,77
74,D:\git\article\fastjson-1.2.62\src\main\java\com\alibaba\fastjson\serializer\ClobSeriliazer.java,1,49
75,D:\git\article\fastjson-1.2.62\src\main\java\com\alibaba\fastjson\serializer\CollectionCodec.java,1,137
76,D:\git\article\fastjson-1.2.62\src\main\java\com\alibaba\fastjson\serializer\DateCodec.java,1,308
77,D:\git\article\fastjson-1.2.62\src\main\java\com\alibaba\fastjson\serializer\DoubleSerializer.java,1,66
78,D:\git\article\fastjson-1.2.62\src\main\java\com\alibaba\fastjson\serializer\EnumerationSerializer.java,1,56
79,D:\git\article\fastjson-1.2.62\src\main\java\com\alibaba\fastjson\serializer\EnumSerializer.java,1,33
80,D:\git\article\fastjson-1.2.62\src\main\java\com\alibaba\fastjson\serializer\FieldSerializer.java,1,337
81,D:\git\article\fastjson-1.2.62\src\main\java\com\alibaba\fastjson\serializer\FloatCodec.java,1,105
82,D:\git\article\fastjson-1.2.62\src\main\java\com\alibaba\fastjson\serializer\GuavaCodec.java,1,57
83,D:\git\article\fastjson-1.2.62\src\main\java\com\alibaba\fastjson\serializer\IntegerCodec.java,1,116
84,D:\git\article\fastjson-1.2.62\src\main\java\com\alibaba\fastjson\serializer\JavaBeanSerializer.java,1,858
85,D:\git\article\fastjson-1.2.62\src\main\java\com\alibaba\fastjson\serializer\JodaCodec.java,1,446
86,D:\git\article\fastjson-1.2.62\src\main\java\com\alibaba\fastjson\serializer\JSONAwareSerializer.java,1,42
87,D:\git\article\fastjson-1.2.62\src\main\java\com\alibaba\fastjson\serializer\JSONLibDataFormatSerializer.java,1,37
88,D:\git\article\fastjson-1.2.62\src\main\java\com\alibaba\fastjson\serializer\JSONObjectCodec.java,1,31
89,D:\git\article\fastjson-1.2.62\src\main\java\com\alibaba\fastjson\serializer\JSONSerializableSerializer.java,1,37
90,D:\git\article\fastjson-1.2.62\src\main\java\com\alibaba\fastjson\serializer\JSONSerializer.java,1,424
91,D:\git\article\fastjson-1.2.62\src\main\java\com\alibaba\fastjson\serializer\JSONSerializerMap.java,1,10
92,D:\git\article\fastjson-1.2.62\src\main\java\com\alibaba\fastjson\serializer\Labels.java,1,61
93,D:\git\article\fastjson-1.2.62\src\main\java\com\alibaba\fastjson\serializer\ListSerializer.java,1,149
94,D:\git\article\fastjson-1.2.62\src\main\java\com\alibaba\fastjson\serializer\LongCodec.java,1,98
95,D:\git\article\fastjson-1.2.62\src\main\java\com\alibaba\fastjson\serializer\MapSerializer.java,1,289
96,D:\git\article\fastjson-1.2.62\src\main\java\com\alibaba\fastjson\serializer\MiscCodec.java,1,409
97,D:\git\article\fastjson-1.2.62\src\main\java\com\alibaba\fastjson\serializer\ObjectArrayCodec.java,1,249
98,D:\git\article\fastjson-1.2.62\src\main\java\com\alibaba\fastjson\serializer\PascalNameFilter.java,1,17
99,D:\git\article\fastjson-1.2.62\src\main\java\com\alibaba\fastjson\serializer\PrimitiveArraySerializer.java,1,137
100,D:\git\article\fastjson-1.2.62\src\main\java\com\alibaba\fastjson\serializer\ReferenceCodec.java,1,76
101,D:\git\article\fastjson-1.2.62\src\main\java\com\alibaba\fastjson\serializer\SerialContext.java,1,103
102,D:\git\article\fastjson-1.2.62\src\main\java\com\alibaba\fastjson\serializer\SerializeBeanInfo.java,1,36
103,D:\git\article\fastjson-1.2.62\src\main\java\com\alibaba\fastjson\serializer\SerializeConfig.java,1,861
104,D:\git\article\fastjson-1.2.62\src\main\java\com\alibaba\fastjson\serializer\SerializeFilterable.java,1,272
105,D:\git\article\fastjson-1.2.62\src\main\java\com\alibaba\fastjson\serializer\SerializerFeature.java,1,211
106,D:\git\article\fastjson-1.2.62\src\main\java\com\alibaba\fastjson\serializer\SerializeWriter.java,1,2526
107,D:\git\article\fastjson-1.2.62\src\main\java\com\alibaba\fastjson\serializer\SimpleDateFormatSerializer.java,1,30
108,D:\git\article\fastjson-1.2.62\src\main\java\com\alibaba\fastjson\serializer\SimplePropertyPreFilter.java,1,101
109,D:\git\article\fastjson-1.2.62\src\main\java\com\alibaba\fastjson\serializer\StringCodec.java,1,118
110,D:\git\article\fastjson-1.2.62\src\main\java\com\alibaba\fastjson\serializer\ToStringSerializer.java,1,25
111,D:\git\article\fastjson-1.2.62\src\main\java\com\alibaba\fastjson\support\config\FastJsonConfig.java,1,258
112,D:\git\article\fastjson-1.2.62\src\main\java\com\alibaba\fastjson\support\hsf\HSFJSONUtils.java,1,121
113,D:\git\article\fastjson-1.2.62\src\main\java\com\alibaba\fastjson\support\jaxrs\FastJsonAutoDiscoverable.java,1,34
114,D:\git\article\fastjson-1.2.62\src\main\java\com\alibaba\fastjson\support\jaxrs\FastJsonFeature.java,1,58
115,D:\git\article\fastjson-1.2.62\src\main\java\com\alibaba\fastjson\support\jaxrs\FastJsonProvider.java,1,451
116,D:\git\article\fastjson-1.2.62\src\main\java\com\alibaba\fastjson\support\moneta\MonetaCodec.java,1,59
117,D:\git\article\fastjson-1.2.62\src\main\java\com\alibaba\fastjson\support\retrofit\Retrofit2ConverterFactory.java,1,258
118,D:\git\article\fastjson-1.2.62\src\main\java\com\alibaba\fastjson\support\spring\FastJsonContainer.java,1,32
119,D:\git\article\fastjson-1.2.62\src\main\java\com\alibaba\fastjson\support\spring\FastJsonHttpMessageConverter.java,1,437
120,D:\git\article\fastjson-1.2.62\src\main\java\com\alibaba\fastjson\support\spring\FastJsonHttpMessageConverter4.java,1,54
121,D:\git\article\fastjson-1.2.62\src\main\java\com\alibaba\fastjson\support\spring\FastJsonJsonView.java,1,398
122,D:\git\article\fastjson-1.2.62\src\main\java\com\alibaba\fastjson\support\spring\FastJsonpHttpMessageConverter4.java,1,53
123,D:\git\article\fastjson-1.2.62\src\main\java\com\alibaba\fastjson\support\spring\FastJsonpResponseBodyAdvice.java,1,116
124,D:\git\article\fastjson-1.2.62\src\main\java\com\alibaba\fastjson\support\spring\FastJsonRedisSerializer.java,1,71
125,D:\git\article\fastjson-1.2.62\src\main\java\com\alibaba\fastjson\support\spring\FastjsonSockJsMessageCodec.java,1,35
126,D:\git\article\fastjson-1.2.62\src\main\java\com\alibaba\fastjson\support\spring\FastJsonViewResponseBodyAdvice.java,1,58
127,D:\git\article\fastjson-1.2.62\src\main\java\com\alibaba\fastjson\support\spring\GenericFastJsonRedisSerializer.java,1,41
128,D:\git\article\fastjson-1.2.62\src\main\java\com\alibaba\fastjson\support\spring\JSONPResponseBodyAdvice.java,1,101
129,D:\git\article\fastjson-1.2.62\src\main\java\com\alibaba\fastjson\support\spring\MappingFastJsonValue.java,1,92
130,D:\git\article\fastjson-1.2.62\src\main\java\com\alibaba\fastjson\support\spring\messaging\MappingFastJsonMessageConverter.java,1,102
131,D:\git\article\fastjson-1.2.62\src\main\java\com\alibaba\fastjson\support\spring\PropertyPreFilters.java,1,74
132,D:\git\article\fastjson-1.2.62\src\main\java\com\alibaba\fastjson\support\springfox\SwaggerJsonSerializer.java,1,31
133,D:\git\article\fastjson-1.2.62\src\main\java\com\alibaba\fastjson\TypeReference.java,1,133
134,D:\git\article\fastjson-1.2.62\src\main\java\com\alibaba\fastjson\util\AntiCollisionHashMap.java,1,966
135,D:\git\article\fastjson-1.2.62\src\main\java\com\alibaba\fastjson\util\ASMClassLoader.java,1,199
136,D:\git\article\fastjson-1.2.62\src\main\java\com\alibaba\fastjson\util\ASMUtils.java,1,185
137,D:\git\article\fastjson-1.2.62\src\main\java\com\alibaba\fastjson\util\Base64.java,1,210
138,D:\git\article\fastjson-1.2.62\src\main\java\com\alibaba\fastjson\util\FieldInfo.java,1,566
139,D:\git\article\fastjson-1.2.62\src\main\java\com\alibaba\fastjson\util\GenericArrayTypeImpl.java,1,46
140,D:\git\article\fastjson-1.2.62\src\main\java\com\alibaba\fastjson\util\IdentityHashMap.java,1,113
141,D:\git\article\fastjson-1.2.62\src\main\java\com\alibaba\fastjson\util\IOUtils.java,1,780
142,D:\git\article\fastjson-1.2.62\src\main\java\com\alibaba\fastjson\util\JavaBeanInfo.java,1,1099
143,D:\git\article\fastjson-1.2.62\src\main\java\com\alibaba\fastjson\util\ParameterizedTypeImpl.java,1,54
144,D:\git\article\fastjson-1.2.62\src\main\java\com\alibaba\fastjson\util\RyuDouble.java,1,581
145,D:\git\article\fastjson-1.2.62\src\main\java\com\alibaba\fastjson\util\RyuFloat.java,1,424
146,D:\git\article\fastjson-1.2.62\src\main\java\com\alibaba\fastjson\util\ServiceLoader.java,1,87
147,D:\git\article\fastjson-1.2.62\src\main\java\com\alibaba\fastjson\util\ThreadLocalCache.java,1,118
148,D:\git\article\fastjson-1.2.62\src\main\java\com\alibaba\fastjson\util\TypeUtils.java,1,3110
149,D:\git\article\fastjson-1.2.62\src\main\java\com\alibaba\fastjson\util\UTF8Decoder.java,1,198
