0,D:\multiple-dependency-project\train-ticket\depends\src\main\java\depends\addons\DV8MappingFileBuilder.java,1,107
1,D:\multiple-dependency-project\train-ticket\depends\src\main\java\depends\DependsCommand.java,1,156
2,D:\multiple-dependency-project\train-ticket\depends\src\main\java\depends\deptypes\DependencyType.java,1,75
3,D:\multiple-dependency-project\train-ticket\depends\src\main\java\depends\entity\AliasEntity.java,1,170
4,D:\multiple-dependency-project\train-ticket\depends\src\main\java\depends\entity\CandidateTypes.java,1,321
5,D:\multiple-dependency-project\train-ticket\depends\src\main\java\depends\entity\ContainerEntity.java,1,431
6,D:\multiple-dependency-project\train-ticket\depends\src\main\java\depends\entity\DecoratedEntity.java,1,145
7,D:\multiple-dependency-project\train-ticket\depends\src\main\java\depends\entity\Entity.java,1,267
8,D:\multiple-dependency-project\train-ticket\depends\src\main\java\depends\entity\Expression.java,1,306
9,D:\multiple-dependency-project\train-ticket\depends\src\main\java\depends\entity\FileEntity.java,1,174
10,D:\multiple-dependency-project\train-ticket\depends\src\main\java\depends\entity\FunctionEntity.java,1,146
11,D:\multiple-dependency-project\train-ticket\depends\src\main\java\depends\entity\FunctionEntityImpl.java,1,24
12,D:\multiple-dependency-project\train-ticket\depends\src\main\java\depends\entity\GenericName.java,1,118
13,D:\multiple-dependency-project\train-ticket\depends\src\main\java\depends\entity\ImportedFileCollector.java,1,54
14,D:\multiple-dependency-project\train-ticket\depends\src\main\java\depends\entity\MultiDeclareEntities.java,1,103
15,D:\multiple-dependency-project\train-ticket\depends\src\main\java\depends\entity\PackageEntity.java,1,76
16,D:\multiple-dependency-project\train-ticket\depends\src\main\java\depends\entity\PackageNamePrefixRemover.java,1,18
17,D:\multiple-dependency-project\train-ticket\depends\src\main\java\depends\entity\repo\BuiltInType.java,1,79
18,D:\multiple-dependency-project\train-ticket\depends\src\main\java\depends\entity\repo\EntityRepo.java,1,58
19,D:\multiple-dependency-project\train-ticket\depends\src\main\java\depends\entity\repo\InMemoryEntityRepo.java,1,113
20,D:\multiple-dependency-project\train-ticket\depends\src\main\java\depends\entity\repo\NullBuiltInType.java,1,43
21,D:\multiple-dependency-project\train-ticket\depends\src\main\java\depends\entity\TypeEntity.java,1,203
22,D:\multiple-dependency-project\train-ticket\depends\src\main\java\depends\entity\VarEntity.java,1,111
23,D:\multiple-dependency-project\train-ticket\depends\src\main\java\depends\extractor\AbstractLangProcessor.java,1,264
24,D:\multiple-dependency-project\train-ticket\depends\src\main\java\depends\extractor\cpp\cdt\ASTStringUtilExt.java,1,183
25,D:\multiple-dependency-project\train-ticket\depends\src\main\java\depends\extractor\cpp\cdt\CdtCppFileParser.java,1,97
26,D:\multiple-dependency-project\train-ticket\depends\src\main\java\depends\extractor\cpp\cdt\CDTParser.java,1,81
27,D:\multiple-dependency-project\train-ticket\depends\src\main\java\depends\extractor\cpp\cdt\CommentManager.java,1,86
28,D:\multiple-dependency-project\train-ticket\depends\src\main\java\depends\extractor\cpp\cdt\CppVisitor.java,1,375
29,D:\multiple-dependency-project\train-ticket\depends\src\main\java\depends\extractor\cpp\cdt\ExpressionUsage.java,1,215
30,D:\multiple-dependency-project\train-ticket\depends\src\main\java\depends\extractor\cpp\cdt\FileCache.java,1,35
31,D:\multiple-dependency-project\train-ticket\depends\src\main\java\depends\extractor\cpp\cdt\MacroExtractor.java,1,60
32,D:\multiple-dependency-project\train-ticket\depends\src\main\java\depends\extractor\cpp\cdt\PreprocessorHandler.java,1,128
33,D:\multiple-dependency-project\train-ticket\depends\src\main\java\depends\extractor\cpp\cdt\TemplateParameterASTVisitor.java,1,59
34,D:\multiple-dependency-project\train-ticket\depends\src\main\java\depends\extractor\cpp\CppBuiltInType.java,1,75
35,D:\multiple-dependency-project\train-ticket\depends\src\main\java\depends\extractor\cpp\CppHandlerContext.java,1,87
36,D:\multiple-dependency-project\train-ticket\depends\src\main\java\depends\extractor\cpp\CppImportLookupStrategy.java,1,136
37,D:\multiple-dependency-project\train-ticket\depends\src\main\java\depends\extractor\cpp\CppProcessor.java,1,110
38,D:\multiple-dependency-project\train-ticket\depends\src\main\java\depends\extractor\cpp\MacroEhcacheRepo.java,1,58
39,D:\multiple-dependency-project\train-ticket\depends\src\main\java\depends\extractor\cpp\MacroFileRepo.java,1,68
40,D:\multiple-dependency-project\train-ticket\depends\src\main\java\depends\extractor\cpp\MacroMemoryRepo.java,1,53
41,D:\multiple-dependency-project\train-ticket\depends\src\main\java\depends\extractor\cpp\MacroRepo.java,1,60
42,D:\multiple-dependency-project\train-ticket\depends\src\main\java\depends\extractor\cpp\Scanner.java,1,81
43,D:\multiple-dependency-project\train-ticket\depends\src\main\java\depends\extractor\empty\EmptyBuiltInType.java,1,46
44,D:\multiple-dependency-project\train-ticket\depends\src\main\java\depends\extractor\empty\EmptyImportLookupStategy.java,1,65
45,D:\multiple-dependency-project\train-ticket\depends\src\main\java\depends\extractor\HandlerContext.java,1,330
46,D:\multiple-dependency-project\train-ticket\depends\src\main\java\depends\extractor\java\context\AnnotationProcessor.java,1,122
47,D:\multiple-dependency-project\train-ticket\depends\src\main\java\depends\extractor\java\context\ClassTypeContextHelper.java,1,89
48,D:\multiple-dependency-project\train-ticket\depends\src\main\java\depends\extractor\java\context\CreatorContextHelper.java,1,56
49,D:\multiple-dependency-project\train-ticket\depends\src\main\java\depends\extractor\java\context\ExpressionUsage.java,1,204
50,D:\multiple-dependency-project\train-ticket\depends\src\main\java\depends\extractor\java\context\FormalParameterListContextHelper.java,1,119
51,D:\multiple-dependency-project\train-ticket\depends\src\main\java\depends\extractor\java\context\IdentifierContextHelper.java,1,41
52,D:\multiple-dependency-project\train-ticket\depends\src\main\java\depends\extractor\java\context\OpHelper.java,1,62
53,D:\multiple-dependency-project\train-ticket\depends\src\main\java\depends\extractor\java\context\QualitiedNameContextHelper.java,1,53
54,D:\multiple-dependency-project\train-ticket\depends\src\main\java\depends\extractor\java\context\TypeParameterContextHelper.java,1,45
55,D:\multiple-dependency-project\train-ticket\depends\src\main\java\depends\extractor\java\context\VariableDeclaratorsContextHelper.java,1,65
56,D:\multiple-dependency-project\train-ticket\depends\src\main\java\depends\extractor\java\JavaBuiltInType.java,1,93
57,D:\multiple-dependency-project\train-ticket\depends\src\main\java\depends\extractor\java\JavaFileParser.java,1,81
58,D:\multiple-dependency-project\train-ticket\depends\src\main\java\depends\extractor\java\JavaHandlerContext.java,1,52
59,D:\multiple-dependency-project\train-ticket\depends\src\main\java\depends\extractor\java\JavaImportLookupStrategy.java,1,102
60,D:\multiple-dependency-project\train-ticket\depends\src\main\java\depends\extractor\java\JavaListener.java,1,367
61,D:\multiple-dependency-project\train-ticket\depends\src\main\java\depends\extractor\java\JavaProcessor.java,1,89
62,D:\multiple-dependency-project\train-ticket\depends\src\main\java\depends\extractor\kotlin\ContextHelper.java,1,20
63,D:\multiple-dependency-project\train-ticket\depends\src\main\java\depends\extractor\kotlin\KotlinFileParser.java,1,39
64,D:\multiple-dependency-project\train-ticket\depends\src\main\java\depends\extractor\kotlin\KotlinListener.java,1,38
65,D:\multiple-dependency-project\train-ticket\depends\src\main\java\depends\extractor\kotlin\KotlinProcessor.java,1,78
66,D:\multiple-dependency-project\train-ticket\depends\src\main\java\depends\extractor\LangProcessorRegistration.java,1,52
67,D:\multiple-dependency-project\train-ticket\depends\src\main\java\depends\extractor\pom\PomArtifactEntity.java,1,78
68,D:\multiple-dependency-project\train-ticket\depends\src\main\java\depends\extractor\pom\PomCoords.java,1,74
69,D:\multiple-dependency-project\train-ticket\depends\src\main\java\depends\extractor\pom\PomFileParser.java,1,82
70,D:\multiple-dependency-project\train-ticket\depends\src\main\java\depends\extractor\pom\PomImportLookupStategy.java,1,52
71,D:\multiple-dependency-project\train-ticket\depends\src\main\java\depends\extractor\pom\PomListener.java,1,169
72,D:\multiple-dependency-project\train-ticket\depends\src\main\java\depends\extractor\pom\PomLocator.java,1,64
73,D:\multiple-dependency-project\train-ticket\depends\src\main\java\depends\extractor\pom\PomParent.java,1,46
74,D:\multiple-dependency-project\train-ticket\depends\src\main\java\depends\extractor\pom\PomProcessor.java,1,86
75,D:\multiple-dependency-project\train-ticket\depends\src\main\java\depends\extractor\python\BasePythonProcessor.java,1,71
76,D:\multiple-dependency-project\train-ticket\depends\src\main\java\depends\extractor\python\NameAliasImport.java,1,25
77,D:\multiple-dependency-project\train-ticket\depends\src\main\java\depends\extractor\python\PythonBuiltInType.java,1,119
78,D:\multiple-dependency-project\train-ticket\depends\src\main\java\depends\extractor\python\PythonImportLookupStrategy.java,1,91
79,D:\multiple-dependency-project\train-ticket\depends\src\main\java\depends\extractor\python\union\ExpressionUsage.java,1,310
80,D:\multiple-dependency-project\train-ticket\depends\src\main\java\depends\extractor\python\union\PythonCodeListener.java,1,367
81,D:\multiple-dependency-project\train-ticket\depends\src\main\java\depends\extractor\python\union\PythonFileParser.java,1,60
82,D:\multiple-dependency-project\train-ticket\depends\src\main\java\depends\extractor\python\union\PythonLexerBase.java,1,187
83,D:\multiple-dependency-project\train-ticket\depends\src\main\java\depends\extractor\python\union\PythonParserBase.java,1,27
84,D:\multiple-dependency-project\train-ticket\depends\src\main\java\depends\extractor\python\union\PythonProcessor.java,1,40
85,D:\multiple-dependency-project\train-ticket\depends\src\main\java\depends\extractor\ruby\IncludedFileLocator.java,1,50
86,D:\multiple-dependency-project\train-ticket\depends\src\main\java\depends\extractor\ruby\jruby\ExpressionUsage.java,1,196
87,D:\multiple-dependency-project\train-ticket\depends\src\main\java\depends\extractor\ruby\jruby\JRubyFileParser.java,1,92
88,D:\multiple-dependency-project\train-ticket\depends\src\main\java\depends\extractor\ruby\jruby\JRubyVisitor.java,1,311
89,D:\multiple-dependency-project\train-ticket\depends\src\main\java\depends\extractor\ruby\jruby\RubyParserHelper.java,1,166
90,D:\multiple-dependency-project\train-ticket\depends\src\main\java\depends\extractor\ruby\RubyBuiltInType.java,1,58
91,D:\multiple-dependency-project\train-ticket\depends\src\main\java\depends\extractor\ruby\RubyHandlerContext.java,1,109
92,D:\multiple-dependency-project\train-ticket\depends\src\main\java\depends\extractor\ruby\RubyProcessor.java,1,102
93,D:\multiple-dependency-project\train-ticket\depends\src\main\java\depends\extractor\UnsolvedBindings.java,1,64
94,D:\multiple-dependency-project\train-ticket\depends\src\main\java\depends\format\AbstractFormatDependencyDumper.java,1,48
95,D:\multiple-dependency-project\train-ticket\depends\src\main\java\depends\format\DependencyDumper.java,1,75
96,D:\multiple-dependency-project\train-ticket\depends\src\main\java\depends\format\detail\DetailTextFormatDependencyDumper.java,1,76
97,D:\multiple-dependency-project\train-ticket\depends\src\main\java\depends\format\detail\UnsolvedSymbolDumper.java,1,97
98,D:\multiple-dependency-project\train-ticket\depends\src\main\java\depends\format\dot\DotFormatDependencyDumper.java,1,77
99,D:\multiple-dependency-project\train-ticket\depends\src\main\java\depends\format\dot\DotFullnameDependencyDumper.java,1,74
100,D:\multiple-dependency-project\train-ticket\depends\src\main\java\depends\format\excel\ExcelXlsFormatDependencyDumper.java,1,121
101,D:\multiple-dependency-project\train-ticket\depends\src\main\java\depends\format\excel\ExcelXlsxFormatDependencyDumper.java,1,120
102,D:\multiple-dependency-project\train-ticket\depends\src\main\java\depends\format\json\DetailItem.java,1,28
103,D:\multiple-dependency-project\train-ticket\depends\src\main\java\depends\format\json\JCellObject.java,1,73
104,D:\multiple-dependency-project\train-ticket\depends\src\main\java\depends\format\json\JDataBuilder.java,1,89
105,D:\multiple-dependency-project\train-ticket\depends\src\main\java\depends\format\json\JDepObject.java,1,75
106,D:\multiple-dependency-project\train-ticket\depends\src\main\java\depends\format\json\JsonFormatDependencyDumper.java,1,66
107,D:\multiple-dependency-project\train-ticket\depends\src\main\java\depends\format\path\DotPathFilenameWritter.java,1,44
108,D:\multiple-dependency-project\train-ticket\depends\src\main\java\depends\format\plantuml\BriefPlantUmlFormatDependencyDumper.java,1,89
109,D:\multiple-dependency-project\train-ticket\depends\src\main\java\depends\format\plantuml\PlantUmlFormatDependencyDumper.java,1,83
110,D:\multiple-dependency-project\train-ticket\depends\src\main\java\depends\format\xml\XCell.java,1,63
111,D:\multiple-dependency-project\train-ticket\depends\src\main\java\depends\format\xml\XDataBuilder.java,1,83
112,D:\multiple-dependency-project\train-ticket\depends\src\main\java\depends\format\xml\XDepend.java,1,55
113,D:\multiple-dependency-project\train-ticket\depends\src\main\java\depends\format\xml\XDepObject.java,1,90
114,D:\multiple-dependency-project\train-ticket\depends\src\main\java\depends\format\xml\XmlFormatDependencyDumper.java,1,64
115,D:\multiple-dependency-project\train-ticket\depends\src\main\java\depends\generator\DependencyGenerator.java,1,62
116,D:\multiple-dependency-project\train-ticket\depends\src\main\java\depends\generator\FileDependencyGenerator.java,1,96
117,D:\multiple-dependency-project\train-ticket\depends\src\main\java\depends\generator\FunctionDependencyGenerator.java,1,87
118,D:\multiple-dependency-project\train-ticket\depends\src\main\java\depends\importtypes\Import.java,1,64
119,D:\multiple-dependency-project\train-ticket\depends\src\main\java\depends\LangRegister.java,1,52
120,D:\multiple-dependency-project\train-ticket\depends\src\main\java\depends\Main.java,1,197
121,D:\multiple-dependency-project\train-ticket\depends\src\main\java\depends\matrix\core\DependencyDetail.java,1,26
122,D:\multiple-dependency-project\train-ticket\depends\src\main\java\depends\matrix\core\DependencyMatrix.java,1,107
123,D:\multiple-dependency-project\train-ticket\depends\src\main\java\depends\matrix\core\DependencyPair.java,1,74
124,D:\multiple-dependency-project\train-ticket\depends\src\main\java\depends\matrix\core\DependencyValue.java,1,64
125,D:\multiple-dependency-project\train-ticket\depends\src\main\java\depends\matrix\transform\MatrixLevelReducer.java,1,132
126,D:\multiple-dependency-project\train-ticket\depends\src\main\java\depends\matrix\transform\OrderedMatrixGenerator.java,1,71
127,D:\multiple-dependency-project\train-ticket\depends\src\main\java\depends\matrix\transform\strip\LeadingNameStripper.java,1,59
128,D:\multiple-dependency-project\train-ticket\depends\src\main\java\depends\relations\FunctionMatcher.java,1,54
129,D:\multiple-dependency-project\train-ticket\depends\src\main\java\depends\relations\ImportLookupStrategy.java,1,82
130,D:\multiple-dependency-project\train-ticket\depends\src\main\java\depends\relations\Inferer.java,1,350
131,D:\multiple-dependency-project\train-ticket\depends\src\main\java\depends\relations\Relation.java,1,53
132,D:\multiple-dependency-project\train-ticket\depends\src\main\java\depends\relations\RelationCounter.java,1,234
133,D:\multiple-dependency-project\train-ticket\depends\src\main\java\depends\util\FileTraversal.java,1,103
134,D:\multiple-dependency-project\train-ticket\depends\src\main\java\depends\util\FileUtil.java,1,81
135,D:\multiple-dependency-project\train-ticket\depends\src\main\java\depends\util\FolderCollector.java,1,58
136,D:\multiple-dependency-project\train-ticket\depends\src\main\java\depends\util\TemporaryFile.java,1,77
137,D:\multiple-dependency-project\train-ticket\depends\src\main\java\depends\util\TemporaryFile2.java,1,63
138,D:\multiple-dependency-project\train-ticket\depends\src\main\java\depends\util\TemporaryFile3.java,1,58
139,D:\multiple-dependency-project\train-ticket\depends\src\test\java\depends\extractor\cpp\AliasTest.java,1,64
140,D:\multiple-dependency-project\train-ticket\depends\src\test\java\depends\extractor\cpp\ConstructFunctionReturnValueTest.java,1,43
141,D:\multiple-dependency-project\train-ticket\depends\src\test\java\depends\extractor\cpp\ContainRelationTest.java,1,78
142,D:\multiple-dependency-project\train-ticket\depends\src\test\java\depends\extractor\cpp\CppExpressionTest.java,1,35
143,D:\multiple-dependency-project\train-ticket\depends\src\test\java\depends\extractor\cpp\CppParameterParserTest.java,1,25
144,D:\multiple-dependency-project\train-ticket\depends\src\test\java\depends\extractor\cpp\CppParserTest.java,1,35
145,D:\multiple-dependency-project\train-ticket\depends\src\test\java\depends\extractor\cpp\DuplicateDeclarationTest.java,1,33
146,D:\multiple-dependency-project\train-ticket\depends\src\test\java\depends\extractor\cpp\extendsTest.java,1,33
147,D:\multiple-dependency-project\train-ticket\depends\src\test\java\depends\extractor\cpp\ForwardDeclareTest.java,1,32
148,D:\multiple-dependency-project\train-ticket\depends\src\test\java\depends\extractor\cpp\GenericTypeTest.java,1,80
149,D:\multiple-dependency-project\train-ticket\depends\src\test\java\depends\extractor\cpp\ImplementRelationTest.java,1,42
150,D:\multiple-dependency-project\train-ticket\depends\src\test\java\depends\extractor\cpp\IncludeRelationTest.java,1,112
151,D:\multiple-dependency-project\train-ticket\depends\src\test\java\depends\extractor\cpp\MacroRelationTest.java,1,31
152,D:\multiple-dependency-project\train-ticket\depends\src\test\java\depends\extractor\cpp\MacroTest.java,1,71
153,D:\multiple-dependency-project\train-ticket\depends\src\test\java\depends\extractor\cpp\ParseErrorTest.java,1,31
154,D:\multiple-dependency-project\train-ticket\depends\src\test\java\depends\extractor\cpp\RelationToImplementationTest.java,1,98
155,D:\multiple-dependency-project\train-ticket\depends\src\test\java\depends\extractor\cpp\TypeDefTest.java,1,30
156,D:\multiple-dependency-project\train-ticket\depends\src\test\java\depends\extractor\cpp\UsingTest.java,1,47
157,D:\multiple-dependency-project\train-ticket\depends\src\test\java\depends\extractor\java\InheritTypeTest.java,1,26
158,D:\multiple-dependency-project\train-ticket\depends\src\test\java\depends\extractor\java\JavaAnnotationParserTest.java,1,68
159,D:\multiple-dependency-project\train-ticket\depends\src\test\java\depends\extractor\java\JavaComplexExpressionTest.java,1,28
160,D:\multiple-dependency-project\train-ticket\depends\src\test\java\depends\extractor\java\JavaEmbededClassTest.java,1,33
161,D:\multiple-dependency-project\train-ticket\depends\src\test\java\depends\extractor\java\JavaExpressionCreatorTest.java,1,54
162,D:\multiple-dependency-project\train-ticket\depends\src\test\java\depends\extractor\java\JavaFileImportTest.java,1,36
163,D:\multiple-dependency-project\train-ticket\depends\src\test\java\depends\extractor\java\JavaGenericTypeTest.java,1,40
164,D:\multiple-dependency-project\train-ticket\depends\src\test\java\depends\extractor\java\JavaInternalClassTest.java,1,25
165,D:\multiple-dependency-project\train-ticket\depends\src\test\java\depends\extractor\java\JavaParameterParserTest.java,1,26
166,D:\multiple-dependency-project\train-ticket\depends\src\test\java\depends\extractor\java\JavaParseErrorFileTest.java,1,32
167,D:\multiple-dependency-project\train-ticket\depends\src\test\java\depends\extractor\java\JavaParserTest.java,1,26
168,D:\multiple-dependency-project\train-ticket\depends\src\test\java\depends\extractor\java\JavaTypeInferUnderSamePackageTest.java,1,28
169,D:\multiple-dependency-project\train-ticket\depends\src\test\java\depends\extractor\java\JavaVarResolveTest.java,1,102
170,D:\multiple-dependency-project\train-ticket\depends\src\test\java\depends\extractor\java\MyJavaTest.java,1,140
171,D:\multiple-dependency-project\train-ticket\depends\src\test\java\depends\extractor\java\UnsolvedSymbolsTest.java,1,30
172,D:\multiple-dependency-project\train-ticket\depends\src\test\java\depends\extractor\ParserTest.java,1,72
173,D:\multiple-dependency-project\train-ticket\depends\src\test\java\depends\extractor\pom\DependencyTest.java,1,49
174,D:\multiple-dependency-project\train-ticket\depends\src\test\java\depends\extractor\pom\DependencyWithoutVersionTest.java,1,46
175,D:\multiple-dependency-project\train-ticket\depends\src\test\java\depends\extractor\pom\DependencyWithPropertiesOfParentTest.java,1,88
176,D:\multiple-dependency-project\train-ticket\depends\src\test\java\depends\extractor\pom\DependencyWithPropertiesTest.java,1,49
177,D:\multiple-dependency-project\train-ticket\depends\src\test\java\depends\extractor\pom\EntityExtractTest.java,1,101
178,D:\multiple-dependency-project\train-ticket\depends\src\test\java\depends\extractor\pom\MavenParserTest.java,1,36
179,D:\multiple-dependency-project\train-ticket\depends\src\test\java\depends\extractor\python\PythonClassTest.java,1,67
180,D:\multiple-dependency-project\train-ticket\depends\src\test\java\depends\extractor\python\PythonDecoratorTest.java,1,38
181,D:\multiple-dependency-project\train-ticket\depends\src\test\java\depends\extractor\python\PythonFuncCallTest.java,1,67
182,D:\multiple-dependency-project\train-ticket\depends\src\test\java\depends\extractor\python\PythonFunctionTest.java,1,52
183,D:\multiple-dependency-project\train-ticket\depends\src\test\java\depends\extractor\python\PythonGlobalVarTest.java,1,36
184,D:\multiple-dependency-project\train-ticket\depends\src\test\java\depends\extractor\python\PythonImportTest.java,1,155
185,D:\multiple-dependency-project\train-ticket\depends\src\test\java\depends\extractor\python\PythonObjectCreationTest.java,1,35
186,D:\multiple-dependency-project\train-ticket\depends\src\test\java\depends\extractor\python\PythonObjectThrowReturn.java,1,52
187,D:\multiple-dependency-project\train-ticket\depends\src\test\java\depends\extractor\python\PythonParameterTypeDedudceTest.java,1,106
188,D:\multiple-dependency-project\train-ticket\depends\src\test\java\depends\extractor\python\PythonParserTest.java,1,47
189,D:\multiple-dependency-project\train-ticket\depends\src\test\java\depends\extractor\python\SelfShouldBeThisTypeTest.java,1,39
190,D:\multiple-dependency-project\train-ticket\depends\src\test\java\depends\extractor\python\ShouldGetRelationInSamePackageTest.java,1,35
191,D:\multiple-dependency-project\train-ticket\depends\src\test\java\depends\extractor\ruby\RubyAssignedVariableTypeDedudceTest.java,1,85
192,D:\multiple-dependency-project\train-ticket\depends\src\test\java\depends\extractor\ruby\RubyClassMethodcallTest.java,1,37
193,D:\multiple-dependency-project\train-ticket\depends\src\test\java\depends\extractor\ruby\RubyInheritTest.java,1,109
194,D:\multiple-dependency-project\train-ticket\depends\src\test\java\depends\extractor\ruby\RubyMixinTest.java,1,32
195,D:\multiple-dependency-project\train-ticket\depends\src\test\java\depends\extractor\ruby\RubyModuleLevelsTest.java,1,38
196,D:\multiple-dependency-project\train-ticket\depends\src\test\java\depends\extractor\ruby\RubyNameInfererTest.java,1,53
197,D:\multiple-dependency-project\train-ticket\depends\src\test\java\depends\extractor\ruby\RubyNameTest.java,1,36
198,D:\multiple-dependency-project\train-ticket\depends\src\test\java\depends\extractor\ruby\RubyObjectCreationTest.java,1,32
199,D:\multiple-dependency-project\train-ticket\depends\src\test\java\depends\extractor\ruby\RubyParameterTypeDedudceTest.java,1,42
200,D:\multiple-dependency-project\train-ticket\depends\src\test\java\depends\extractor\ruby\RubyParserTest.java,1,37
201,D:\multiple-dependency-project\train-ticket\depends\src\test\java\depends\extractor\ruby\RubyRaiseTypeDedudceTest.java,1,36
202,D:\multiple-dependency-project\train-ticket\depends\src\test\java\depends\extractor\ruby\RubyRequireTest.java,1,35
203,D:\multiple-dependency-project\train-ticket\depends\src\test\java\depends\extractor\ruby\RubyReturnTypeDedudceTest.java,1,39
204,D:\multiple-dependency-project\train-ticket\depends\src\test\java\depends\extractor\ruby\RubySingletonMethodTest.java,1,37
205,D:\multiple-dependency-project\train-ticket\depends\src\test\java\depends\extractor\ruby\RubyVariableCallTest.java,1,35
206,D:\multiple-dependency-project\train-ticket\depends\src\test\java\depends\extractor\ruby\RubyVarInvocationRecordTest.java,1,46
207,D:\multiple-dependency-project\train-ticket\depends\src\test\java\depends\extractor\ruby\RubyVarTest.java,1,173
208,D:\multiple-dependency-project\train-ticket\depends\src\test\java\depends\extractor\ruby\RubyVCallTest.java,1,53
209,D:\multiple-dependency-project\train-ticket\depends\src\test\java\depends\format\json\JsonFormatDependencyDumperTest.java,1,60
210,D:\multiple-dependency-project\train-ticket\depends\src\test\java\depends\format\path\DotPathFilenameWritterTest.java,1,20
211,D:\multiple-dependency-project\train-ticket\depends\src\test\java\depends\format\path\UnixPathFilenameWritterTest.java,1,18
212,D:\multiple-dependency-project\train-ticket\depends\src\test\java\depends\matrix\MatrixLevelReducerTest.java,1,53
213,D:\multiple-dependency-project\train-ticket\depends\src\test\java\depends\util\FileUtilTest.java,1,33
214,D:\multiple-dependency-project\train-ticket\depends\target\generated-sources\antlr4\depends\extractor\cpp\CElsaLexer.java,1,654
215,D:\multiple-dependency-project\train-ticket\depends\target\generated-sources\antlr4\depends\extractor\cpp\CElsaListener.java,1,1190
216,D:\multiple-dependency-project\train-ticket\depends\target\generated-sources\antlr4\depends\extractor\cpp\CElsaParser.java,1,10303
217,D:\multiple-dependency-project\train-ticket\depends\target\generated-sources\antlr4\depends\extractor\cpp\CElsaVisitor.java,1,719
218,D:\multiple-dependency-project\train-ticket\depends\target\generated-sources\antlr4\depends\extractor\cpp\CPP14Lexer.java,1,748
219,D:\multiple-dependency-project\train-ticket\depends\target\generated-sources\antlr4\depends\extractor\cpp\CPP14Listener.java,1,2000
220,D:\multiple-dependency-project\train-ticket\depends\target\generated-sources\antlr4\depends\extractor\cpp\CPP14Parser.java,1,17489
221,D:\multiple-dependency-project\train-ticket\depends\target\generated-sources\antlr4\depends\extractor\cpp\CPP14Visitor.java,1,1207
222,D:\multiple-dependency-project\train-ticket\depends\target\generated-sources\antlr4\depends\extractor\cpp\CPreprocessorLexer.java,1,173
223,D:\multiple-dependency-project\train-ticket\depends\target\generated-sources\antlr4\depends\extractor\cpp\CPreprocessorListener.java,1,100
224,D:\multiple-dependency-project\train-ticket\depends\target\generated-sources\antlr4\depends\extractor\cpp\CPreprocessorParser.java,1,655
225,D:\multiple-dependency-project\train-ticket\depends\target\generated-sources\antlr4\depends\extractor\cpp\CPreprocessorVisitor.java,1,67
226,D:\multiple-dependency-project\train-ticket\depends\target\generated-sources\antlr4\depends\extractor\java\JavaLexer.java,1,506
227,D:\multiple-dependency-project\train-ticket\depends\target\generated-sources\antlr4\depends\extractor\java\JavaParser.java,1,9422
228,D:\multiple-dependency-project\train-ticket\depends\target\generated-sources\antlr4\depends\extractor\java\JavaParserListener.java,1,1040
229,D:\multiple-dependency-project\train-ticket\depends\target\generated-sources\antlr4\depends\extractor\java\JavaParserVisitor.java,1,631
230,D:\multiple-dependency-project\train-ticket\depends\target\generated-sources\antlr4\depends\extractor\kotlin\KotlinLexer.java,1,1583
231,D:\multiple-dependency-project\train-ticket\depends\target\generated-sources\antlr4\depends\extractor\kotlin\KotlinParser.java,1,15773
232,D:\multiple-dependency-project\train-ticket\depends\target\generated-sources\antlr4\depends\extractor\kotlin\KotlinParserListener.java,1,1500
233,D:\multiple-dependency-project\train-ticket\depends\target\generated-sources\antlr4\depends\extractor\kotlin\KotlinParserVisitor.java,1,907
234,D:\multiple-dependency-project\train-ticket\depends\target\generated-sources\antlr4\depends\extractor\python\Python2Lexer.java,1,650
235,D:\multiple-dependency-project\train-ticket\depends\target\generated-sources\antlr4\depends\extractor\python\Python2Listener.java,1,860
236,D:\multiple-dependency-project\train-ticket\depends\target\generated-sources\antlr4\depends\extractor\python\Python2Parser.java,1,6897
237,D:\multiple-dependency-project\train-ticket\depends\target\generated-sources\antlr4\depends\extractor\python\Python2Visitor.java,1,523
238,D:\multiple-dependency-project\train-ticket\depends\target\generated-sources\antlr4\depends\extractor\python\Python3Lexer.java,1,767
239,D:\multiple-dependency-project\train-ticket\depends\target\generated-sources\antlr4\depends\extractor\python\Python3Listener.java,1,910
240,D:\multiple-dependency-project\train-ticket\depends\target\generated-sources\antlr4\depends\extractor\python\Python3Parser.java,1,8084
241,D:\multiple-dependency-project\train-ticket\depends\target\generated-sources\antlr4\depends\extractor\python\Python3Visitor.java,1,553
242,D:\multiple-dependency-project\train-ticket\depends\target\generated-sources\antlr4\depends\extractor\python\PythonLexer.java,1,631
243,D:\multiple-dependency-project\train-ticket\depends\target\generated-sources\antlr4\depends\extractor\python\PythonParser.java,1,7346
244,D:\multiple-dependency-project\train-ticket\depends\target\generated-sources\antlr4\depends\extractor\python\PythonParserListener.java,1,832
245,D:\multiple-dependency-project\train-ticket\depends\target\generated-sources\antlr4\depends\extractor\python\PythonParserVisitor.java,1,502
246,D:\multiple-dependency-project\train-ticket\depends\target\generated-sources\antlr4\depends\extractor\xml\XMLLexer.java,1,200
247,D:\multiple-dependency-project\train-ticket\depends\target\generated-sources\antlr4\depends\extractor\xml\XMLParser.java,1,723
248,D:\multiple-dependency-project\train-ticket\depends\target\generated-sources\antlr4\depends\extractor\xml\XMLParserListener.java,1,90
249,D:\multiple-dependency-project\train-ticket\depends\target\generated-sources\antlr4\depends\extractor\xml\XMLParserVisitor.java,1,61
250,D:\multiple-dependency-project\train-ticket\ts-admin-basic-info-service\src\main\java\adminbasic\config\SecurityConfig.java,1,89
251,D:\multiple-dependency-project\train-ticket\ts-admin-basic-info-service\src\main\java\adminbasic\controller\AdminBasicInfoController.java,1,170
252,D:\multiple-dependency-project\train-ticket\ts-admin-basic-info-service\src\main\java\adminbasic\entity\Config.java,1,43
253,D:\multiple-dependency-project\train-ticket\ts-admin-basic-info-service\src\main\java\adminbasic\entity\Contacts.java,1,55
254,D:\multiple-dependency-project\train-ticket\ts-admin-basic-info-service\src\main\java\adminbasic\entity\PriceInfo.java,1,63
255,D:\multiple-dependency-project\train-ticket\ts-admin-basic-info-service\src\main\java\adminbasic\entity\Station.java,1,61
256,D:\multiple-dependency-project\train-ticket\ts-admin-basic-info-service\src\main\java\adminbasic\entity\TrainType.java,1,67
257,D:\multiple-dependency-project\train-ticket\ts-admin-basic-info-service\src\main\java\adminbasic\service\AdminBasicInfoService.java,1,198
258,D:\multiple-dependency-project\train-ticket\ts-admin-basic-info-service\src\main\java\adminbasic\service\AdminBasicInfoServiceImpl.java,1,318
259,D:\multiple-dependency-project\train-ticket\ts-admin-order-service\src\main\java\adminorder\config\SecurityConfig.java,1,82
260,D:\multiple-dependency-project\train-ticket\ts-admin-order-service\src\main\java\adminorder\controller\AdminOrderController.java,1,49
261,D:\multiple-dependency-project\train-ticket\ts-admin-order-service\src\main\java\adminorder\entity\Order.java,1,92
262,D:\multiple-dependency-project\train-ticket\ts-admin-order-service\src\main\java\adminorder\entity\OrderStatus.java,1,64
263,D:\multiple-dependency-project\train-ticket\ts-admin-order-service\src\main\java\adminorder\entity\SeatClass.java,1,71
264,D:\multiple-dependency-project\train-ticket\ts-admin-order-service\src\main\java\adminorder\service\AdminOrderServiceImpl.java,1,163
265,D:\multiple-dependency-project\train-ticket\ts-admin-route-service\src\main\java\adminroute\config\SecurityConfig.java,1,82
266,D:\multiple-dependency-project\train-ticket\ts-admin-route-service\src\main\java\adminroute\controller\AdminRouteController.java,1,43
267,D:\multiple-dependency-project\train-ticket\ts-admin-route-service\src\main\java\adminroute\entity\Route.java,1,65
268,D:\multiple-dependency-project\train-ticket\ts-admin-route-service\src\main\java\adminroute\entity\RouteInfo.java,1,71
269,D:\multiple-dependency-project\train-ticket\ts-admin-route-service\src\main\java\adminroute\service\AdminRouteServiceImpl.java,1,64
270,D:\multiple-dependency-project\train-ticket\ts-admin-travel-service\src\main\java\admintravel\config\SecurityConfig.java,1,82
271,D:\multiple-dependency-project\train-ticket\ts-admin-travel-service\src\main\java\admintravel\controller\AdminTravelController.java,1,47
272,D:\multiple-dependency-project\train-ticket\ts-admin-travel-service\src\main\java\admintravel\entity\AdminTrip.java,1,39
273,D:\multiple-dependency-project\train-ticket\ts-admin-travel-service\src\main\java\admintravel\entity\Route.java,1,66
274,D:\multiple-dependency-project\train-ticket\ts-admin-travel-service\src\main\java\admintravel\entity\TrainType.java,1,65
275,D:\multiple-dependency-project\train-ticket\ts-admin-travel-service\src\main\java\admintravel\entity\TravelInfo.java,1,105
276,D:\multiple-dependency-project\train-ticket\ts-admin-travel-service\src\main\java\admintravel\entity\Trip.java,1,115
277,D:\multiple-dependency-project\train-ticket\ts-admin-travel-service\src\main\java\admintravel\entity\TripId.java,1,57
278,D:\multiple-dependency-project\train-ticket\ts-admin-travel-service\src\main\java\admintravel\entity\Type.java,1,64
279,D:\multiple-dependency-project\train-ticket\ts-admin-travel-service\src\main\java\admintravel\service\AdminTravelServiceImpl.java,1,140
280,D:\multiple-dependency-project\train-ticket\ts-admin-user-service\src\main\java\adminuser\config\SecurityConfig.java,1,82
281,D:\multiple-dependency-project\train-ticket\ts-admin-user-service\src\main\java\adminuser\controller\AdminUserController.java,1,49
282,D:\multiple-dependency-project\train-ticket\ts-admin-user-service\src\main\java\adminuser\entity\Account.java,1,107
283,D:\multiple-dependency-project\train-ticket\ts-admin-user-service\src\main\java\adminuser\entity\DocumentType.java,1,51
284,D:\multiple-dependency-project\train-ticket\ts-admin-user-service\src\main\java\adminuser\entity\Gender.java,1,52
285,D:\multiple-dependency-project\train-ticket\ts-admin-user-service\src\main\java\adminuser\service\AdminUserServiceImpl.java,1,86
286,D:\multiple-dependency-project\train-ticket\ts-assurance-service\src\main\java\assurance\config\SecurityConfig.java,1,82
287,D:\multiple-dependency-project\train-ticket\ts-assurance-service\src\main\java\assurance\controller\AssuranceController.java,1,90
288,D:\multiple-dependency-project\train-ticket\ts-assurance-service\src\main\java\assurance\entity\Assurance.java,1,66
289,D:\multiple-dependency-project\train-ticket\ts-assurance-service\src\main\java\assurance\entity\AssuranceType.java,1,70
290,D:\multiple-dependency-project\train-ticket\ts-assurance-service\src\main\java\assurance\entity\AssuranceTypeBean.java,1,49
291,D:\multiple-dependency-project\train-ticket\ts-assurance-service\src\main\java\assurance\entity\PlainAssurance.java,1,68
292,D:\multiple-dependency-project\train-ticket\ts-assurance-service\src\main\java\assurance\service\AssuranceService.java,1,86
293,D:\multiple-dependency-project\train-ticket\ts-assurance-service\src\main\java\assurance\service\AssuranceServiceImpl.java,1,150
294,D:\multiple-dependency-project\train-ticket\ts-auth-service\src\main\java\auth\config\WebSecurityConfig.java,1,101
295,D:\multiple-dependency-project\train-ticket\ts-auth-service\src\main\java\auth\constant\InfoConstant.java,1,29
296,D:\multiple-dependency-project\train-ticket\ts-auth-service\src\main\java\auth\controller\AuthController.java,1,43
297,D:\multiple-dependency-project\train-ticket\ts-auth-service\src\main\java\auth\controller\UserController.java,1,51
298,D:\multiple-dependency-project\train-ticket\ts-auth-service\src\main\java\auth\entity\User.java,1,69
299,D:\multiple-dependency-project\train-ticket\ts-auth-service\src\main\java\auth\init\InitUser.java,1,52
300,D:\multiple-dependency-project\train-ticket\ts-auth-service\src\main\java\auth\security\jwt\JWTProvider.java,1,45
301,D:\multiple-dependency-project\train-ticket\ts-auth-service\src\main\java\auth\security\UserDetailsServiceImpl.java,1,33
302,D:\multiple-dependency-project\train-ticket\ts-auth-service\src\main\java\auth\service\impl\TokenServiceImpl.java,1,86
303,D:\multiple-dependency-project\train-ticket\ts-auth-service\src\main\java\auth\service\impl\UserServiceImpl.java,1,101
304,D:\multiple-dependency-project\train-ticket\ts-basic-service\src\main\java\fdse\microservice\config\SecurityConfig.java,1,82
305,D:\multiple-dependency-project\train-ticket\ts-basic-service\src\main\java\fdse\microservice\controller\BasicController.java,1,40
306,D:\multiple-dependency-project\train-ticket\ts-basic-service\src\main\java\fdse\microservice\entity\Contacts.java,1,98
307,D:\multiple-dependency-project\train-ticket\ts-basic-service\src\main\java\fdse\microservice\entity\PriceConfig.java,1,64
308,D:\multiple-dependency-project\train-ticket\ts-basic-service\src\main\java\fdse\microservice\entity\TrainType.java,1,58
309,D:\multiple-dependency-project\train-ticket\ts-basic-service\src\main\java\fdse\microservice\entity\Travel.java,1,51
310,D:\multiple-dependency-project\train-ticket\ts-basic-service\src\main\java\fdse\microservice\entity\Trip.java,1,134
311,D:\multiple-dependency-project\train-ticket\ts-basic-service\src\main\java\fdse\microservice\entity\TripId.java,1,56
312,D:\multiple-dependency-project\train-ticket\ts-basic-service\src\main\java\fdse\microservice\entity\Type.java,1,64
313,D:\multiple-dependency-project\train-ticket\ts-basic-service\src\main\java\fdse\microservice\service\BasicServiceImpl.java,1,177
314,D:\multiple-dependency-project\train-ticket\ts-cancel-service\src\main\java\cancel\config\SecurityConfig.java,1,82
315,D:\multiple-dependency-project\train-ticket\ts-cancel-service\src\main\java\cancel\controller\CancelController.java,1,52
316,D:\multiple-dependency-project\train-ticket\ts-cancel-service\src\main\java\cancel\entity\Account.java,1,91
317,D:\multiple-dependency-project\train-ticket\ts-cancel-service\src\main\java\cancel\entity\DocumentType.java,1,51
318,D:\multiple-dependency-project\train-ticket\ts-cancel-service\src\main\java\cancel\entity\Gender.java,1,52
319,D:\multiple-dependency-project\train-ticket\ts-cancel-service\src\main\java\cancel\entity\GetAccountByIdResult.java,1,42
320,D:\multiple-dependency-project\train-ticket\ts-cancel-service\src\main\java\cancel\entity\NotifyInfo.java,1,103
321,D:\multiple-dependency-project\train-ticket\ts-cancel-service\src\main\java\cancel\entity\Order.java,1,234
322,D:\multiple-dependency-project\train-ticket\ts-cancel-service\src\main\java\cancel\entity\OrderStatus.java,1,64
323,D:\multiple-dependency-project\train-ticket\ts-cancel-service\src\main\java\cancel\entity\SeatClass.java,1,71
324,D:\multiple-dependency-project\train-ticket\ts-cancel-service\src\main\java\cancel\entity\VerifyResult.java,1,32
325,D:\multiple-dependency-project\train-ticket\ts-cancel-service\src\main\java\cancel\service\CancelServiceImpl.java,1,299
326,D:\multiple-dependency-project\train-ticket\ts-common\src\main\java\edu\fudan\common\config\SwaggerConfig.java,1,46
327,D:\multiple-dependency-project\train-ticket\ts-common\src\main\java\edu\fudan\common\security\jwt\JWTFilter.java,1,33
328,D:\multiple-dependency-project\train-ticket\ts-common\src\main\java\edu\fudan\common\security\jwt\JWTUtil.java,1,123
329,D:\multiple-dependency-project\train-ticket\ts-common\src\main\java\edu\fudan\common\util\JsonUtils.java,1,76
330,D:\multiple-dependency-project\train-ticket\ts-config-service\src\main\java\config\controller\ConfigController.java,1,65
331,D:\multiple-dependency-project\train-ticket\ts-config-service\src\main\java\config\entity\Config.java,1,61
332,D:\multiple-dependency-project\train-ticket\ts-config-service\src\main\java\config\init\InitData.java,1,29
333,D:\multiple-dependency-project\train-ticket\ts-config-service\src\main\java\config\SecurityConfig.java,1,88
334,D:\multiple-dependency-project\train-ticket\ts-config-service\src\main\java\config\service\ConfigService.java,1,57
335,D:\multiple-dependency-project\train-ticket\ts-config-service\src\main\java\config\service\ConfigServiceImpl.java,1,83
336,D:\multiple-dependency-project\train-ticket\ts-consign-price-service\src\main\java\consignprice\config\SecurityConfig.java,1,82
337,D:\multiple-dependency-project\train-ticket\ts-consign-price-service\src\main\java\consignprice\ConsignPriceApplication.java,1,39
338,D:\multiple-dependency-project\train-ticket\ts-consign-price-service\src\main\java\consignprice\controller\ConsignPriceController.java,1,50
339,D:\multiple-dependency-project\train-ticket\ts-consign-price-service\src\main\java\consignprice\entity\ConsignPrice.java,1,73
340,D:\multiple-dependency-project\train-ticket\ts-consign-price-service\src\main\java\consignprice\init\InitData.java,1,37
341,D:\multiple-dependency-project\train-ticket\ts-consign-price-service\src\main\java\consignprice\service\ConsignPriceServiceImpl.java,1,84
342,D:\multiple-dependency-project\train-ticket\ts-consign-service\src\main\java\consign\config\SecurityConfig.java,1,82
343,D:\multiple-dependency-project\train-ticket\ts-consign-service\src\main\java\consign\controller\ConsignController.java,1,58
344,D:\multiple-dependency-project\train-ticket\ts-consign-service\src\main\java\consign\entity\GetPriceDomain.java,1,30
345,D:\multiple-dependency-project\train-ticket\ts-consign-service\src\main\java\consign\entity\InsertConsignRecordResult.java,1,31
346,D:\multiple-dependency-project\train-ticket\ts-consign-service\src\main\java\consign\service\ConsignService.java,1,60
347,D:\multiple-dependency-project\train-ticket\ts-consign-service\src\main\java\consign\service\ConsignServiceImpl.java,1,138
348,D:\multiple-dependency-project\train-ticket\ts-contacts-service\src\main\java\contacts\config\SecurityConfig.java,1,82
349,D:\multiple-dependency-project\train-ticket\ts-contacts-service\src\main\java\contacts\controller\ContactsController.java,1,91
350,D:\multiple-dependency-project\train-ticket\ts-contacts-service\src\main\java\contacts\entity\Contacts.java,1,106
351,D:\multiple-dependency-project\train-ticket\ts-contacts-service\src\main\java\contacts\entity\DocumentType.java,1,51
352,D:\multiple-dependency-project\train-ticket\ts-contacts-service\src\main\java\contacts\init\InitData.java,1,41
353,D:\multiple-dependency-project\train-ticket\ts-contacts-service\src\main\java\contacts\service\ContactsService.java,1,77
354,D:\multiple-dependency-project\train-ticket\ts-contacts-service\src\main\java\contacts\service\ContactsServiceImpl.java,1,128
355,D:\multiple-dependency-project\train-ticket\ts-execute-service\src\main\java\execute\config\SecurityConfig.java,1,82
356,D:\multiple-dependency-project\train-ticket\ts-execute-service\src\main\java\execute\controller\ExecuteControlller.java,1,46
357,D:\multiple-dependency-project\train-ticket\ts-execute-service\src\main\java\execute\entity\Order.java,1,236
358,D:\multiple-dependency-project\train-ticket\ts-execute-service\src\main\java\execute\entity\OrderStatus.java,1,64
359,D:\multiple-dependency-project\train-ticket\ts-execute-service\src\main\java\execute\entity\SeatClass.java,1,71
360,D:\multiple-dependency-project\train-ticket\ts-execute-service\src\main\java\execute\serivce\ExecuteServiceImpl.java,1,161
361,D:\multiple-dependency-project\train-ticket\ts-food-map-service\src\main\java\food\config\SecurityConfig.java,1,75
362,D:\multiple-dependency-project\train-ticket\ts-food-map-service\src\main\java\food\controller\FoodStoreController.java,1,49
363,D:\multiple-dependency-project\train-ticket\ts-food-map-service\src\main\java\food\controller\TrainFoodController.java,1,41
364,D:\multiple-dependency-project\train-ticket\ts-food-map-service\src\main\java\food\entity\Food.java,1,30
365,D:\multiple-dependency-project\train-ticket\ts-food-map-service\src\main\java\food\entity\FoodStore.java,1,93
366,D:\multiple-dependency-project\train-ticket\ts-food-map-service\src\main\java\food\entity\TrainFood.java,1,53
367,D:\multiple-dependency-project\train-ticket\ts-food-map-service\src\main\java\food\init\InitData.java,1,106
368,D:\multiple-dependency-project\train-ticket\ts-food-map-service\src\main\java\food\repository\FoodStoreRepository.java,1,26
369,D:\multiple-dependency-project\train-ticket\ts-food-map-service\src\main\java\food\service\FoodMapService.java,1,28
370,D:\multiple-dependency-project\train-ticket\ts-food-map-service\src\main\java\food\service\FoodMapServiceImpl.java,1,104
371,D:\multiple-dependency-project\train-ticket\ts-food-service\src\main\java\foodsearch\config\SecurityConfig.java,1,85
372,D:\multiple-dependency-project\train-ticket\ts-food-service\src\main\java\foodsearch\controller\FoodController.java,1,71
373,D:\multiple-dependency-project\train-ticket\ts-food-service\src\main\java\foodsearch\entity\AllTripFood.java,1,32
374,D:\multiple-dependency-project\train-ticket\ts-food-service\src\main\java\foodsearch\entity\Food.java,1,34
375,D:\multiple-dependency-project\train-ticket\ts-food-service\src\main\java\foodsearch\entity\FoodOrder.java,1,89
376,D:\multiple-dependency-project\train-ticket\ts-food-service\src\main\java\foodsearch\entity\FoodStore.java,1,85
377,D:\multiple-dependency-project\train-ticket\ts-food-service\src\main\java\foodsearch\entity\TrainFood.java,1,46
378,D:\multiple-dependency-project\train-ticket\ts-food-service\src\main\java\foodsearch\service\FoodService.java,1,22
379,D:\multiple-dependency-project\train-ticket\ts-food-service\src\main\java\foodsearch\service\FoodServiceImpl.java,1,229
380,D:\multiple-dependency-project\train-ticket\ts-inside-payment-service\src\main\java\inside_payment\async\AsyncTask.java,1,34
381,D:\multiple-dependency-project\train-ticket\ts-inside-payment-service\src\main\java\inside_payment\async\ExecutorConfig.java,1,50
382,D:\multiple-dependency-project\train-ticket\ts-inside-payment-service\src\main\java\inside_payment\config\SecurityConfig.java,1,82
383,D:\multiple-dependency-project\train-ticket\ts-inside-payment-service\src\main\java\inside_payment\controller\InsidePaymentController.java,1,74
384,D:\multiple-dependency-project\train-ticket\ts-inside-payment-service\src\main\java\inside_payment\entity\AccountInfo.java,1,33
385,D:\multiple-dependency-project\train-ticket\ts-inside-payment-service\src\main\java\inside_payment\entity\Balance.java,1,40
386,D:\multiple-dependency-project\train-ticket\ts-inside-payment-service\src\main\java\inside_payment\entity\Money.java,1,72
387,D:\multiple-dependency-project\train-ticket\ts-inside-payment-service\src\main\java\inside_payment\entity\MoneyType.java,1,52
388,D:\multiple-dependency-project\train-ticket\ts-inside-payment-service\src\main\java\inside_payment\entity\Order.java,1,236
389,D:\multiple-dependency-project\train-ticket\ts-inside-payment-service\src\main\java\inside_payment\entity\OrderStatus.java,1,64
390,D:\multiple-dependency-project\train-ticket\ts-inside-payment-service\src\main\java\inside_payment\entity\OutsidePaymentInfo.java,1,39
391,D:\multiple-dependency-project\train-ticket\ts-inside-payment-service\src\main\java\inside_payment\entity\Payment.java,1,83
392,D:\multiple-dependency-project\train-ticket\ts-inside-payment-service\src\main\java\inside_payment\entity\PaymentInfo.java,1,48
393,D:\multiple-dependency-project\train-ticket\ts-inside-payment-service\src\main\java\inside_payment\entity\PaymentType.java,1,60
394,D:\multiple-dependency-project\train-ticket\ts-inside-payment-service\src\main\java\inside_payment\entity\SeatClass.java,1,71
395,D:\multiple-dependency-project\train-ticket\ts-inside-payment-service\src\main\java\inside_payment\init\InitData.java,1,42
396,D:\multiple-dependency-project\train-ticket\ts-inside-payment-service\src\main\java\inside_payment\service\InsidePaymentService.java,1,95
397,D:\multiple-dependency-project\train-ticket\ts-inside-payment-service\src\main\java\inside_payment\service\InsidePaymentServiceImpl.java,1,349
398,D:\multiple-dependency-project\train-ticket\ts-inside-payment-service\src\main\java\inside_payment\util\CookieUtil.java,1,49
399,D:\multiple-dependency-project\train-ticket\ts-notification-service\src\main\java\notification\config\EmailProperties.java,1,51
400,D:\multiple-dependency-project\train-ticket\ts-notification-service\src\main\java\notification\config\SecurityConfig.java,1,82
401,D:\multiple-dependency-project\train-ticket\ts-notification-service\src\main\java\notification\controller\NotificationController.java,1,45
402,D:\multiple-dependency-project\train-ticket\ts-notification-service\src\main\java\notification\entity\Mail.java,1,110
403,D:\multiple-dependency-project\train-ticket\ts-notification-service\src\main\java\notification\entity\NotifyInfo.java,1,103
404,D:\multiple-dependency-project\train-ticket\ts-notification-service\src\main\java\notification\service\MailService.java,1,49
405,D:\multiple-dependency-project\train-ticket\ts-notification-service\src\main\java\notification\service\NotificationServiceImpl.java,1,138
406,D:\multiple-dependency-project\train-ticket\ts-order-other-service\src\main\java\other\config\SecurityConfig.java,1,91
407,D:\multiple-dependency-project\train-ticket\ts-order-other-service\src\main\java\other\controller\OrderOtherController.java,1,149
408,D:\multiple-dependency-project\train-ticket\ts-order-other-service\src\main\java\other\entity\LeftTicketInfo.java,1,34
409,D:\multiple-dependency-project\train-ticket\ts-order-other-service\src\main\java\other\entity\Order.java,1,239
410,D:\multiple-dependency-project\train-ticket\ts-order-other-service\src\main\java\other\entity\OrderAlterInfo.java,1,54
411,D:\multiple-dependency-project\train-ticket\ts-order-other-service\src\main\java\other\entity\OrderSecurity.java,1,32
412,D:\multiple-dependency-project\train-ticket\ts-order-other-service\src\main\java\other\entity\OrderStatus.java,1,64
413,D:\multiple-dependency-project\train-ticket\ts-order-other-service\src\main\java\other\entity\QueryInfo.java,1,109
414,D:\multiple-dependency-project\train-ticket\ts-order-other-service\src\main\java\other\entity\Seat.java,1,80
415,D:\multiple-dependency-project\train-ticket\ts-order-other-service\src\main\java\other\entity\SeatClass.java,1,71
416,D:\multiple-dependency-project\train-ticket\ts-order-other-service\src\main\java\other\entity\SoldTicket.java,1,132
417,D:\multiple-dependency-project\train-ticket\ts-order-other-service\src\main\java\other\entity\Ticket.java,1,42
418,D:\multiple-dependency-project\train-ticket\ts-order-other-service\src\main\java\other\entity\TrainType.java,1,75
419,D:\multiple-dependency-project\train-ticket\ts-order-other-service\src\main\java\other\init\InitData.java,1,45
420,D:\multiple-dependency-project\train-ticket\ts-order-other-service\src\main\java\other\repository\OrderOtherRepository.java,1,61
421,D:\multiple-dependency-project\train-ticket\ts-order-other-service\src\main\java\other\service\OrderOtherService.java,1,53
422,D:\multiple-dependency-project\train-ticket\ts-order-other-service\src\main\java\other\service\OrderOtherServiceImpl.java,1,432
423,D:\multiple-dependency-project\train-ticket\ts-order-service\src\main\java\order\config\SecurityConfig.java,1,91
424,D:\multiple-dependency-project\train-ticket\ts-order-service\src\main\java\order\controller\OrderController.java,1,159
425,D:\multiple-dependency-project\train-ticket\ts-order-service\src\main\java\order\entity\LeftTicketInfo.java,1,34
426,D:\multiple-dependency-project\train-ticket\ts-order-service\src\main\java\order\entity\Order.java,1,244
427,D:\multiple-dependency-project\train-ticket\ts-order-service\src\main\java\order\entity\OrderAlterInfo.java,1,54
428,D:\multiple-dependency-project\train-ticket\ts-order-service\src\main\java\order\entity\OrderInfo.java,1,109
429,D:\multiple-dependency-project\train-ticket\ts-order-service\src\main\java\order\entity\OrderSecurity.java,1,32
430,D:\multiple-dependency-project\train-ticket\ts-order-service\src\main\java\order\entity\OrderStatus.java,1,64
431,D:\multiple-dependency-project\train-ticket\ts-order-service\src\main\java\order\entity\Seat.java,1,80
432,D:\multiple-dependency-project\train-ticket\ts-order-service\src\main\java\order\entity\SeatClass.java,1,71
433,D:\multiple-dependency-project\train-ticket\ts-order-service\src\main\java\order\entity\SoldTicket.java,1,132
434,D:\multiple-dependency-project\train-ticket\ts-order-service\src\main\java\order\entity\Ticket.java,1,48
435,D:\multiple-dependency-project\train-ticket\ts-order-service\src\main\java\order\entity\TrainType.java,1,75
436,D:\multiple-dependency-project\train-ticket\ts-order-service\src\main\java\order\init\InitData.java,1,88
437,D:\multiple-dependency-project\train-ticket\ts-order-service\src\main\java\order\repository\OrderRepository.java,1,31
438,D:\multiple-dependency-project\train-ticket\ts-order-service\src\main\java\order\service\OrderService.java,1,53
439,D:\multiple-dependency-project\train-ticket\ts-order-service\src\main\java\order\service\OrderServiceImpl.java,1,427
440,D:\multiple-dependency-project\train-ticket\ts-payment-service\src\main\java\com\trainticket\config\SecurityConfig.java,1,82
441,D:\multiple-dependency-project\train-ticket\ts-payment-service\src\main\java\com\trainticket\controller\PaymentController.java,1,43
442,D:\multiple-dependency-project\train-ticket\ts-payment-service\src\main\java\com\trainticket\entity\Money.java,1,34
443,D:\multiple-dependency-project\train-ticket\ts-payment-service\src\main\java\com\trainticket\entity\Payment.java,1,71
444,D:\multiple-dependency-project\train-ticket\ts-payment-service\src\main\java\com\trainticket\init\InitData.java,1,33
445,D:\multiple-dependency-project\train-ticket\ts-payment-service\src\main\java\com\trainticket\service\PaymentServiceImpl.java,1,75
446,D:\multiple-dependency-project\train-ticket\ts-preserve-other-service\src\main\java\preserveOther\config\SecurityConfig.java,1,82
447,D:\multiple-dependency-project\train-ticket\ts-preserve-other-service\src\main\java\preserveOther\controller\PreserveOtherController.java,1,39
448,D:\multiple-dependency-project\train-ticket\ts-preserve-other-service\src\main\java\preserveOther\entity\Account.java,1,91
449,D:\multiple-dependency-project\train-ticket\ts-preserve-other-service\src\main\java\preserveOther\entity\Assurance.java,1,61
450,D:\multiple-dependency-project\train-ticket\ts-preserve-other-service\src\main\java\preserveOther\entity\AssuranceType.java,1,70
451,D:\multiple-dependency-project\train-ticket\ts-preserve-other-service\src\main\java\preserveOther\entity\Contacts.java,1,103
452,D:\multiple-dependency-project\train-ticket\ts-preserve-other-service\src\main\java\preserveOther\entity\DocumentType.java,1,51
453,D:\multiple-dependency-project\train-ticket\ts-preserve-other-service\src\main\java\preserveOther\entity\FoodOrder.java,1,90
454,D:\multiple-dependency-project\train-ticket\ts-preserve-other-service\src\main\java\preserveOther\entity\Gender.java,1,52
455,D:\multiple-dependency-project\train-ticket\ts-preserve-other-service\src\main\java\preserveOther\entity\NotifyInfo.java,1,103
456,D:\multiple-dependency-project\train-ticket\ts-preserve-other-service\src\main\java\preserveOther\entity\Order.java,1,234
457,D:\multiple-dependency-project\train-ticket\ts-preserve-other-service\src\main\java\preserveOther\entity\OrderStatus.java,1,64
458,D:\multiple-dependency-project\train-ticket\ts-preserve-other-service\src\main\java\preserveOther\entity\OrderTicketsInfo.java,1,198
459,D:\multiple-dependency-project\train-ticket\ts-preserve-other-service\src\main\java\preserveOther\entity\Seat.java,1,64
460,D:\multiple-dependency-project\train-ticket\ts-preserve-other-service\src\main\java\preserveOther\entity\SeatClass.java,1,71
461,D:\multiple-dependency-project\train-ticket\ts-preserve-other-service\src\main\java\preserveOther\entity\Ticket.java,1,42
462,D:\multiple-dependency-project\train-ticket\ts-preserve-other-service\src\main\java\preserveOther\entity\TrainType.java,1,52
463,D:\multiple-dependency-project\train-ticket\ts-preserve-other-service\src\main\java\preserveOther\entity\Travel.java,1,54
464,D:\multiple-dependency-project\train-ticket\ts-preserve-other-service\src\main\java\preserveOther\entity\Trip.java,1,133
465,D:\multiple-dependency-project\train-ticket\ts-preserve-other-service\src\main\java\preserveOther\entity\TripAllDetail.java,1,55
466,D:\multiple-dependency-project\train-ticket\ts-preserve-other-service\src\main\java\preserveOther\entity\TripAllDetailInfo.java,1,54
467,D:\multiple-dependency-project\train-ticket\ts-preserve-other-service\src\main\java\preserveOther\entity\TripId.java,1,56
468,D:\multiple-dependency-project\train-ticket\ts-preserve-other-service\src\main\java\preserveOther\entity\TripResponse.java,1,103
469,D:\multiple-dependency-project\train-ticket\ts-preserve-other-service\src\main\java\preserveOther\entity\Type.java,1,64
470,D:\multiple-dependency-project\train-ticket\ts-preserve-other-service\src\main\java\preserveOther\service\PreserveOtherServiceImpl.java,1,406
471,D:\multiple-dependency-project\train-ticket\ts-preserve-service\src\main\java\preserve\config\SecurityConfig.java,1,82
472,D:\multiple-dependency-project\train-ticket\ts-preserve-service\src\main\java\preserve\controller\PreserveController.java,1,40
473,D:\multiple-dependency-project\train-ticket\ts-preserve-service\src\main\java\preserve\entity\Account.java,1,91
474,D:\multiple-dependency-project\train-ticket\ts-preserve-service\src\main\java\preserve\entity\Assurance.java,1,61
475,D:\multiple-dependency-project\train-ticket\ts-preserve-service\src\main\java\preserve\entity\AssuranceType.java,1,70
476,D:\multiple-dependency-project\train-ticket\ts-preserve-service\src\main\java\preserve\entity\Contacts.java,1,103
477,D:\multiple-dependency-project\train-ticket\ts-preserve-service\src\main\java\preserve\entity\DocumentType.java,1,51
478,D:\multiple-dependency-project\train-ticket\ts-preserve-service\src\main\java\preserve\entity\FoodOrder.java,1,90
479,D:\multiple-dependency-project\train-ticket\ts-preserve-service\src\main\java\preserve\entity\Gender.java,1,52
480,D:\multiple-dependency-project\train-ticket\ts-preserve-service\src\main\java\preserve\entity\NotifyInfo.java,1,103
481,D:\multiple-dependency-project\train-ticket\ts-preserve-service\src\main\java\preserve\entity\Order.java,1,234
482,D:\multiple-dependency-project\train-ticket\ts-preserve-service\src\main\java\preserve\entity\OrderStatus.java,1,64
483,D:\multiple-dependency-project\train-ticket\ts-preserve-service\src\main\java\preserve\entity\OrderTicketsInfo.java,1,198
484,D:\multiple-dependency-project\train-ticket\ts-preserve-service\src\main\java\preserve\entity\OrderTicketsResult.java,1,42
485,D:\multiple-dependency-project\train-ticket\ts-preserve-service\src\main\java\preserve\entity\Seat.java,1,64
486,D:\multiple-dependency-project\train-ticket\ts-preserve-service\src\main\java\preserve\entity\SeatClass.java,1,71
487,D:\multiple-dependency-project\train-ticket\ts-preserve-service\src\main\java\preserve\entity\Ticket.java,1,42
488,D:\multiple-dependency-project\train-ticket\ts-preserve-service\src\main\java\preserve\entity\TrainType.java,1,52
489,D:\multiple-dependency-project\train-ticket\ts-preserve-service\src\main\java\preserve\entity\Travel.java,1,54
490,D:\multiple-dependency-project\train-ticket\ts-preserve-service\src\main\java\preserve\entity\Trip.java,1,134
491,D:\multiple-dependency-project\train-ticket\ts-preserve-service\src\main\java\preserve\entity\TripAllDetail.java,1,55
492,D:\multiple-dependency-project\train-ticket\ts-preserve-service\src\main\java\preserve\entity\TripAllDetailInfo.java,1,54
493,D:\multiple-dependency-project\train-ticket\ts-preserve-service\src\main\java\preserve\entity\TripId.java,1,56
494,D:\multiple-dependency-project\train-ticket\ts-preserve-service\src\main\java\preserve\entity\TripResponse.java,1,100
495,D:\multiple-dependency-project\train-ticket\ts-preserve-service\src\main\java\preserve\entity\Type.java,1,64
496,D:\multiple-dependency-project\train-ticket\ts-preserve-service\src\main\java\preserve\service\PreserveServiceImpl.java,1,397
497,D:\multiple-dependency-project\train-ticket\ts-price-service\src\main\java\price\config\SecurityConfig.java,1,89
498,D:\multiple-dependency-project\train-ticket\ts-price-service\src\main\java\price\controller\PriceController.java,1,55
499,D:\multiple-dependency-project\train-ticket\ts-price-service\src\main\java\price\entity\PriceConfig.java,1,68
500,D:\multiple-dependency-project\train-ticket\ts-price-service\src\main\java\price\entity\TrainType.java,1,71
501,D:\multiple-dependency-project\train-ticket\ts-price-service\src\main\java\price\init\InitData.java,1,97
502,D:\multiple-dependency-project\train-ticket\ts-price-service\src\main\java\price\service\PriceService.java,1,27
503,D:\multiple-dependency-project\train-ticket\ts-price-service\src\main\java\price\service\PriceServiceImpl.java,1,127
504,D:\multiple-dependency-project\train-ticket\ts-rebook-service\src\main\java\rebook\config\SecurityConfig.java,1,82
505,D:\multiple-dependency-project\train-ticket\ts-rebook-service\src\main\java\rebook\controller\RebookController.java,1,43
506,D:\multiple-dependency-project\train-ticket\ts-rebook-service\src\main\java\rebook\entity\Contacts.java,1,102
507,D:\multiple-dependency-project\train-ticket\ts-rebook-service\src\main\java\rebook\entity\Order.java,1,245
508,D:\multiple-dependency-project\train-ticket\ts-rebook-service\src\main\java\rebook\entity\OrderStatus.java,1,64
509,D:\multiple-dependency-project\train-ticket\ts-rebook-service\src\main\java\rebook\entity\OrderTicketsInfo.java,1,94
510,D:\multiple-dependency-project\train-ticket\ts-rebook-service\src\main\java\rebook\entity\PaymentDifferenceInfo.java,1,52
511,D:\multiple-dependency-project\train-ticket\ts-rebook-service\src\main\java\rebook\entity\RebookInfo.java,1,94
512,D:\multiple-dependency-project\train-ticket\ts-rebook-service\src\main\java\rebook\entity\Seat.java,1,81
513,D:\multiple-dependency-project\train-ticket\ts-rebook-service\src\main\java\rebook\entity\SeatClass.java,1,71
514,D:\multiple-dependency-project\train-ticket\ts-rebook-service\src\main\java\rebook\entity\Ticket.java,1,42
515,D:\multiple-dependency-project\train-ticket\ts-rebook-service\src\main\java\rebook\entity\Trip.java,1,111
516,D:\multiple-dependency-project\train-ticket\ts-rebook-service\src\main\java\rebook\entity\TripAllDetail.java,1,34
517,D:\multiple-dependency-project\train-ticket\ts-rebook-service\src\main\java\rebook\entity\TripAllDetailInfo.java,1,54
518,D:\multiple-dependency-project\train-ticket\ts-rebook-service\src\main\java\rebook\entity\TripId.java,1,58
519,D:\multiple-dependency-project\train-ticket\ts-rebook-service\src\main\java\rebook\entity\TripResponse.java,1,151
520,D:\multiple-dependency-project\train-ticket\ts-rebook-service\src\main\java\rebook\entity\Type.java,1,64
521,D:\multiple-dependency-project\train-ticket\ts-rebook-service\src\main\java\rebook\entity\VerifyResult.java,1,32
522,D:\multiple-dependency-project\train-ticket\ts-rebook-service\src\main\java\rebook\service\RebookServiceImpl.java,1,386
523,D:\multiple-dependency-project\train-ticket\ts-route-plan-service\src\main\java\plan\config\SecurityConfig.java,1,82
524,D:\multiple-dependency-project\train-ticket\ts-route-plan-service\src\main\java\plan\controller\RoutePlanController.java,1,48
525,D:\multiple-dependency-project\train-ticket\ts-route-plan-service\src\main\java\plan\entity\Route.java,1,66
526,D:\multiple-dependency-project\train-ticket\ts-route-plan-service\src\main\java\plan\entity\RoutePlanInfo.java,1,61
527,D:\multiple-dependency-project\train-ticket\ts-route-plan-service\src\main\java\plan\entity\RoutePlanResultUnit.java,1,105
528,D:\multiple-dependency-project\train-ticket\ts-route-plan-service\src\main\java\plan\entity\Trip.java,1,110
529,D:\multiple-dependency-project\train-ticket\ts-route-plan-service\src\main\java\plan\entity\TripAllDetail.java,1,52
530,D:\multiple-dependency-project\train-ticket\ts-route-plan-service\src\main\java\plan\entity\TripAllDetailInfo.java,1,54
531,D:\multiple-dependency-project\train-ticket\ts-route-plan-service\src\main\java\plan\entity\TripId.java,1,54
532,D:\multiple-dependency-project\train-ticket\ts-route-plan-service\src\main\java\plan\entity\TripInfo.java,1,44
533,D:\multiple-dependency-project\train-ticket\ts-route-plan-service\src\main\java\plan\entity\TripResponse.java,1,114
534,D:\multiple-dependency-project\train-ticket\ts-route-plan-service\src\main\java\plan\entity\Type.java,1,64
535,D:\multiple-dependency-project\train-ticket\ts-route-plan-service\src\main\java\plan\service\RoutePlanServiceImpl.java,1,354
536,D:\multiple-dependency-project\train-ticket\ts-route-service\src\main\java\route\config\SecurityConfig.java,1,84
537,D:\multiple-dependency-project\train-ticket\ts-route-service\src\main\java\route\controller\RouteController.java,1,62
538,D:\multiple-dependency-project\train-ticket\ts-route-service\src\main\java\route\entity\Route.java,1,70
539,D:\multiple-dependency-project\train-ticket\ts-route-service\src\main\java\route\entity\RouteInfo.java,1,61
540,D:\multiple-dependency-project\train-ticket\ts-route-service\src\main\java\route\init\InitData.java,1,99
541,D:\multiple-dependency-project\train-ticket\ts-route-service\src\main\java\route\service\RouteService.java,1,59
542,D:\multiple-dependency-project\train-ticket\ts-route-service\src\main\java\route\service\RouteServiceImpl.java,1,126
543,D:\multiple-dependency-project\train-ticket\ts-seat-service\src\main\java\seat\config\SecurityConfig.java,1,84
544,D:\multiple-dependency-project\train-ticket\ts-seat-service\src\main\java\seat\controller\SeatController.java,1,55
545,D:\multiple-dependency-project\train-ticket\ts-seat-service\src\main\java\seat\entity\Config.java,1,47
546,D:\multiple-dependency-project\train-ticket\ts-seat-service\src\main\java\seat\entity\LeftTicketInfo.java,1,34
547,D:\multiple-dependency-project\train-ticket\ts-seat-service\src\main\java\seat\entity\Route.java,1,66
548,D:\multiple-dependency-project\train-ticket\ts-seat-service\src\main\java\seat\entity\Seat.java,1,92
549,D:\multiple-dependency-project\train-ticket\ts-seat-service\src\main\java\seat\entity\SeatClass.java,1,71
550,D:\multiple-dependency-project\train-ticket\ts-seat-service\src\main\java\seat\entity\Ticket.java,1,42
551,D:\multiple-dependency-project\train-ticket\ts-seat-service\src\main\java\seat\entity\TrainType.java,1,69
552,D:\multiple-dependency-project\train-ticket\ts-seat-service\src\main\java\seat\service\SeatServiceImpl.java,1,318
553,D:\multiple-dependency-project\train-ticket\ts-security-service\src\main\java\security\config\SecurityConfig.java,1,82
554,D:\multiple-dependency-project\train-ticket\ts-security-service\src\main\java\security\controller\SecurityController.java,1,66
555,D:\multiple-dependency-project\train-ticket\ts-security-service\src\main\java\security\entity\Order.java,1,236
556,D:\multiple-dependency-project\train-ticket\ts-security-service\src\main\java\security\entity\OrderSecurity.java,1,32
557,D:\multiple-dependency-project\train-ticket\ts-security-service\src\main\java\security\entity\OrderStatus.java,1,64
558,D:\multiple-dependency-project\train-ticket\ts-security-service\src\main\java\security\entity\SeatClass.java,1,71
559,D:\multiple-dependency-project\train-ticket\ts-security-service\src\main\java\security\entity\SecurityConfig.java,1,58
560,D:\multiple-dependency-project\train-ticket\ts-security-service\src\main\java\security\init\InitData.java,1,34
561,D:\multiple-dependency-project\train-ticket\ts-security-service\src\main\java\security\service\SecurityService.java,1,23
562,D:\multiple-dependency-project\train-ticket\ts-security-service\src\main\java\security\service\SecurityServiceImpl.java,1,141
563,D:\multiple-dependency-project\train-ticket\ts-station-service\src\main\java\fdse\microservice\config\SecurityConfig.java,1,86
564,D:\multiple-dependency-project\train-ticket\ts-station-service\src\main\java\fdse\microservice\controller\StationController.java,1,88
565,D:\multiple-dependency-project\train-ticket\ts-station-service\src\main\java\fdse\microservice\entity\Station.java,1,66
566,D:\multiple-dependency-project\train-ticket\ts-station-service\src\main\java\fdse\microservice\init\InitData.java,1,87
567,D:\multiple-dependency-project\train-ticket\ts-station-service\src\main\java\fdse\microservice\service\StationService.java,1,30
568,D:\multiple-dependency-project\train-ticket\ts-station-service\src\main\java\fdse\microservice\service\StationServiceImpl.java,1,136
569,D:\multiple-dependency-project\train-ticket\ts-ticketinfo-service\src\main\java\ticketinfo\config\SecurityConfig.java,1,75
570,D:\multiple-dependency-project\train-ticket\ts-ticketinfo-service\src\main\java\ticketinfo\controller\TicketInfoController.java,1,40
571,D:\multiple-dependency-project\train-ticket\ts-ticketinfo-service\src\main\java\ticketinfo\entity\TrainType.java,1,54
572,D:\multiple-dependency-project\train-ticket\ts-ticketinfo-service\src\main\java\ticketinfo\entity\Travel.java,1,52
573,D:\multiple-dependency-project\train-ticket\ts-ticketinfo-service\src\main\java\ticketinfo\entity\Trip.java,1,132
574,D:\multiple-dependency-project\train-ticket\ts-ticketinfo-service\src\main\java\ticketinfo\entity\TripId.java,1,56
575,D:\multiple-dependency-project\train-ticket\ts-ticketinfo-service\src\main\java\ticketinfo\entity\Type.java,1,42
576,D:\multiple-dependency-project\train-ticket\ts-ticketinfo-service\src\main\java\ticketinfo\service\TicketInfoServiceImpl.java,1,45
577,D:\multiple-dependency-project\train-ticket\ts-train-service\src\main\java\train\config\SecurityConfig.java,1,85
578,D:\multiple-dependency-project\train-ticket\ts-train-service\src\main\java\train\controller\TrainController.java,1,84
579,D:\multiple-dependency-project\train-ticket\ts-train-service\src\main\java\train\entity\TrainType.java,1,71
580,D:\multiple-dependency-project\train-ticket\ts-train-service\src\main\java\train\init\InitData.java,1,57
581,D:\multiple-dependency-project\train-ticket\ts-train-service\src\main\java\train\service\TrainService.java,1,20
582,D:\multiple-dependency-project\train-ticket\ts-train-service\src\main\java\train\service\TrainServiceImpl.java,1,68
583,D:\multiple-dependency-project\train-ticket\ts-travel-plan-service\src\main\java\travelplan\config\SecurityConfig.java,1,82
584,D:\multiple-dependency-project\train-ticket\ts-travel-plan-service\src\main\java\travelplan\controller\TravelPlanController.java,1,56
585,D:\multiple-dependency-project\train-ticket\ts-travel-plan-service\src\main\java\travelplan\entity\RoutePlanInfo.java,1,61
586,D:\multiple-dependency-project\train-ticket\ts-travel-plan-service\src\main\java\travelplan\entity\Seat.java,1,69
587,D:\multiple-dependency-project\train-ticket\ts-travel-plan-service\src\main\java\travelplan\entity\SeatClass.java,1,71
588,D:\multiple-dependency-project\train-ticket\ts-travel-plan-service\src\main\java\travelplan\entity\TrainTypeEnum.java,1,64
589,D:\multiple-dependency-project\train-ticket\ts-travel-plan-service\src\main\java\travelplan\entity\TransferTravelInfo.java,1,72
590,D:\multiple-dependency-project\train-ticket\ts-travel-plan-service\src\main\java\travelplan\entity\TransferTravelResult.java,1,40
591,D:\multiple-dependency-project\train-ticket\ts-travel-plan-service\src\main\java\travelplan\entity\TravelAdvanceResultUnit.java,1,125
592,D:\multiple-dependency-project\train-ticket\ts-travel-plan-service\src\main\java\travelplan\entity\Trip.java,1,110
593,D:\multiple-dependency-project\train-ticket\ts-travel-plan-service\src\main\java\travelplan\entity\TripId.java,1,59
594,D:\multiple-dependency-project\train-ticket\ts-travel-plan-service\src\main\java\travelplan\entity\TripInfo.java,1,44
595,D:\multiple-dependency-project\train-ticket\ts-travel-plan-service\src\main\java\travelplan\entity\TripResponse.java,1,115
596,D:\multiple-dependency-project\train-ticket\ts-travel-plan-service\src\main\java\travelplan\service\TravelPlanServiceImpl.java,1,306
597,D:\multiple-dependency-project\train-ticket\ts-travel-service\src\main\java\travel\config\SecurityConfig.java,1,86
598,D:\multiple-dependency-project\train-ticket\ts-travel-service\src\main\java\travel\controller\TravelController.java,1,143
599,D:\multiple-dependency-project\train-ticket\ts-travel-service\src\main\java\travel\entity\AdminTrip.java,1,39
600,D:\multiple-dependency-project\train-ticket\ts-travel-service\src\main\java\travel\entity\Route.java,1,75
601,D:\multiple-dependency-project\train-ticket\ts-travel-service\src\main\java\travel\entity\Seat.java,1,92
602,D:\multiple-dependency-project\train-ticket\ts-travel-service\src\main\java\travel\entity\SeatClass.java,1,71
603,D:\multiple-dependency-project\train-ticket\ts-travel-service\src\main\java\travel\entity\SoldTicket.java,1,132
604,D:\multiple-dependency-project\train-ticket\ts-travel-service\src\main\java\travel\entity\TrainType.java,1,74
605,D:\multiple-dependency-project\train-ticket\ts-travel-service\src\main\java\travel\entity\Travel.java,1,54
606,D:\multiple-dependency-project\train-ticket\ts-travel-service\src\main\java\travel\entity\TravelInfo.java,1,94
607,D:\multiple-dependency-project\train-ticket\ts-travel-service\src\main\java\travel\entity\Trip.java,1,133
608,D:\multiple-dependency-project\train-ticket\ts-travel-service\src\main\java\travel\entity\TripAllDetail.java,1,35
609,D:\multiple-dependency-project\train-ticket\ts-travel-service\src\main\java\travel\entity\TripAllDetailInfo.java,1,54
610,D:\multiple-dependency-project\train-ticket\ts-travel-service\src\main\java\travel\entity\TripId.java,1,59
611,D:\multiple-dependency-project\train-ticket\ts-travel-service\src\main\java\travel\entity\TripInfo.java,1,55
612,D:\multiple-dependency-project\train-ticket\ts-travel-service\src\main\java\travel\entity\TripResponse.java,1,115
613,D:\multiple-dependency-project\train-ticket\ts-travel-service\src\main\java\travel\entity\Type.java,1,52
614,D:\multiple-dependency-project\train-ticket\ts-travel-service\src\main\java\travel\init\InitData.java,1,80
615,D:\multiple-dependency-project\train-ticket\ts-travel-service\src\main\java\travel\service\TravelService.java,1,37
616,D:\multiple-dependency-project\train-ticket\ts-travel-service\src\main\java\travel\service\TravelServiceImpl.java,1,397
617,D:\multiple-dependency-project\train-ticket\ts-travel2-service\src\main\java\travel2\config\SecurityConfig.java,1,89
618,D:\multiple-dependency-project\train-ticket\ts-travel2-service\src\main\java\travel2\controller\Travel2Controller.java,1,141
619,D:\multiple-dependency-project\train-ticket\ts-travel2-service\src\main\java\travel2\entity\AdminTrip.java,1,39
620,D:\multiple-dependency-project\train-ticket\ts-travel2-service\src\main\java\travel2\entity\Route.java,1,71
621,D:\multiple-dependency-project\train-ticket\ts-travel2-service\src\main\java\travel2\entity\Seat.java,1,81
622,D:\multiple-dependency-project\train-ticket\ts-travel2-service\src\main\java\travel2\entity\SeatClass.java,1,71
623,D:\multiple-dependency-project\train-ticket\ts-travel2-service\src\main\java\travel2\entity\SoldTicket.java,1,132
624,D:\multiple-dependency-project\train-ticket\ts-travel2-service\src\main\java\travel2\entity\TrainType.java,1,73
625,D:\multiple-dependency-project\train-ticket\ts-travel2-service\src\main\java\travel2\entity\Travel.java,1,54
626,D:\multiple-dependency-project\train-ticket\ts-travel2-service\src\main\java\travel2\entity\TravelInfo.java,1,94
627,D:\multiple-dependency-project\train-ticket\ts-travel2-service\src\main\java\travel2\entity\Trip.java,1,138
628,D:\multiple-dependency-project\train-ticket\ts-travel2-service\src\main\java\travel2\entity\TripAllDetail.java,1,52
629,D:\multiple-dependency-project\train-ticket\ts-travel2-service\src\main\java\travel2\entity\TripAllDetailInfo.java,1,57
630,D:\multiple-dependency-project\train-ticket\ts-travel2-service\src\main\java\travel2\entity\TripId.java,1,54
631,D:\multiple-dependency-project\train-ticket\ts-travel2-service\src\main\java\travel2\entity\TripInfo.java,1,54
632,D:\multiple-dependency-project\train-ticket\ts-travel2-service\src\main\java\travel2\entity\TripResponse.java,1,152
633,D:\multiple-dependency-project\train-ticket\ts-travel2-service\src\main\java\travel2\entity\Type.java,1,56
634,D:\multiple-dependency-project\train-ticket\ts-travel2-service\src\main\java\travel2\init\InitData.java,1,79
635,D:\multiple-dependency-project\train-ticket\ts-travel2-service\src\main\java\travel2\service\Travel2Service.java,1,36
636,D:\multiple-dependency-project\train-ticket\ts-travel2-service\src\main\java\travel2\service\Travel2ServiceImpl.java,1,417
637,D:\multiple-dependency-project\train-ticket\ts-ui-test\src\test\java\TestFlowOne.java,1,265
638,D:\multiple-dependency-project\train-ticket\ts-ui-test\src\test\java\TestFlowTwoPay.java,1,113
639,D:\multiple-dependency-project\train-ticket\ts-ui-test\src\test\java\TestFlowTwoRebook.java,1,210
640,D:\multiple-dependency-project\train-ticket\ts-ui-test\src\test\java\TestServiceBasicInfo.java,1,71
641,D:\multiple-dependency-project\train-ticket\ts-ui-test\src\test\java\TestServiceCancel.java,1,79
642,D:\multiple-dependency-project\train-ticket\ts-ui-test\src\test\java\TestServiceCellect.java,1,41
643,D:\multiple-dependency-project\train-ticket\ts-ui-test\src\test\java\TestServiceConfig.java,1,58
644,D:\multiple-dependency-project\train-ticket\ts-ui-test\src\test\java\TestServiceContacts.java,1,43
645,D:\multiple-dependency-project\train-ticket\ts-ui-test\src\test\java\TestServiceExecute.java,1,43
646,D:\multiple-dependency-project\train-ticket\ts-ui-test\src\test\java\TestServiceInsidePay.java,1,113
647,D:\multiple-dependency-project\train-ticket\ts-ui-test\src\test\java\TestServiceLogin.java,1,65
648,D:\multiple-dependency-project\train-ticket\ts-ui-test\src\test\java\TestServiceNotification.java,1,67
649,D:\multiple-dependency-project\train-ticket\ts-ui-test\src\test\java\TestServiceOrders.java,1,59
650,D:\multiple-dependency-project\train-ticket\ts-ui-test\src\test\java\TestServicePayment.java,1,91
651,D:\multiple-dependency-project\train-ticket\ts-ui-test\src\test\java\TestServicePrice.java,1,58
652,D:\multiple-dependency-project\train-ticket\ts-ui-test\src\test\java\TestServiceRebook.java,1,160
653,D:\multiple-dependency-project\train-ticket\ts-ui-test\src\test\java\TestServiceRegister.java,1,82
654,D:\multiple-dependency-project\train-ticket\ts-ui-test\src\test\java\TestServiceSecurity.java,1,55
655,D:\multiple-dependency-project\train-ticket\ts-ui-test\src\test\java\TestServiceSSO.java,1,36
656,D:\multiple-dependency-project\train-ticket\ts-ui-test\src\test\java\TestServiceStation.java,1,59
657,D:\multiple-dependency-project\train-ticket\ts-ui-test\src\test\java\TestServiceTicketInfo.java,1,71
658,D:\multiple-dependency-project\train-ticket\ts-ui-test\src\test\java\TestServiceTrain.java,1,62
659,D:\multiple-dependency-project\train-ticket\ts-ui-test\src\test\java\TestServiceTravel.java,1,118
660,D:\multiple-dependency-project\train-ticket\ts-ui-test\src\test\java\TestServiceTravel2.java,1,65
661,D:\multiple-dependency-project\train-ticket\ts-user-service\src\main\java\user\config\SecurityConfig.java,1,84
662,D:\multiple-dependency-project\train-ticket\ts-user-service\src\main\java\user\controller\UserController.java,1,64
663,D:\multiple-dependency-project\train-ticket\ts-user-service\src\main\java\user\dto\Gender.java,1,52
664,D:\multiple-dependency-project\train-ticket\ts-user-service\src\main\java\user\init\InitUser.java,1,45
665,D:\multiple-dependency-project\train-ticket\ts-user-service\src\main\java\user\service\impl\UserServiceImpl.java,1,155
666,D:\multiple-dependency-project\train-ticket\ts-user-service\src\main\java\user\service\UserService.java,1,25
667,D:\multiple-dependency-project\train-ticket\ts-verification-code-service\src\main\java\verifycode\config\SecurityConfig.java,1,80
668,D:\multiple-dependency-project\train-ticket\ts-verification-code-service\src\main\java\verifycode\controller\VerifyCodeController.java,1,54
669,D:\multiple-dependency-project\train-ticket\ts-verification-code-service\src\main\java\verifycode\service\impl\VerifyCodeServiceImpl.java,1,152
670,D:\multiple-dependency-project\train-ticket\ts-verification-code-service\src\main\java\verifycode\util\CookieUtil.java,1,49
